userName,lastModifiedDateTime,password|token,pushScale,deviceId,role,organisationUUID
state-1-u1@org10,1900-01-01T00:00:00.000Z,,1.0,device-10-1,field_worker,org-10
state-1-u2@org10,1900-01-01T00:00:00.000Z,,1.0,device-10-2,field_worker,org-10
state-1-u3@org10,1900-01-01T00:00:00.000Z,,1.0,device-10-3,field_worker,org-10
state-1-u4@org10,1900-01-01T00:00:00.000Z,,1.0,device-10-4,field_worker,org-10
state-1-u5@org10,1900-01-01T00:00:00.000Z,,1.0,device-10-5,field_worker,org-10
state-1-u6@org10,1900-01-01T00:00:00.000Z,,1.0,device-10-6,field_worker,org-10
state-1-u7@org10,1900-01-01T00:00:00.000Z,,1.0,device-10-7,field_worker,org-10
state-1-u8@org10,1900-01-01T00:00:00.000Z,,1.0,device-10-8,field_worker,org-10
state-1-u9@org10,1900-01-01T00:00:00.000Z,,1.0,device-10-9,field_worker,org-10
state-1-u10@org10,1900-01-01T00:00:00.000Z,,1.0,device-10-10,field_worker,org-10
state-1-u11@org10,1900-01-01T00:00:00.000Z,,1.0,device-10-11,field_worker,org-10
state-1-u12@org10,1900-01-01T00:00:00.000Z,,1.0,device-10-12,field_worker,org-10
state-1-u13@org10,1900-01-01T00:00:00.000Z,,1.0,device-10-13,field_worker,org-10
state-1-u14@org10,1900-01-01T00:00:00.000Z,,1.0,device-10-14,field_worker,org-10
state-1-u15@org10,1900-01-01T00:00:00.000Z,,1.0,device-10-15,field_worker,org-10
state-1-u16@org10,1900-01-01T00:00:00.000Z,,1.0,device-10-16,field_worker,org-10
state-1-u17@org10,1900-01-01T00:00:00.000Z,,1.0,device-10-17,field_worker,org-10
state-1-u18@org10,1900-01-01T00:00:00.000Z,,1.0,device-10-18,field_worker,org-10
state-1-u19@org10,1900-01-01T00:00:00.000Z,,1.0,device-10-19,field_worker,org-10
state-1-u20@org10,1900-01-01T00:00:00.000Z,,1.0,device-10-20,field_worker,org-10
state-1-u21@org10,1900-01-01T00:00:00.000Z,,1.0,device-10-21,field_worker,org-10
state-1-u22@org10,1900-01-01T00:00:00.000Z,,1.0,device-10-22,field_worker,org-10
state-1-u23@org10,1900-01-01T00:00:00.000Z,,1.0,device-10-23,field_worker,org-10
state-1-u24@org10,1900-01-01T00:00:00.000Z,,1.0,device-10-24,field_worker,org-10
state-1-u25@org10,1900-01-01T00:00:00.000Z,,1.0,device-10-25,field_worker,org-10
state-1-u26@org10,1900-01-01T00:00:00.000Z,,1.0,device-10-26,field_worker,org-10
state-1-u27@org10,1900-01-01T00:00:00.000Z,,1.0,device-10-27,field_worker,org-10
state-1-u28@org10,1900-01-01T00:00:00.000Z,,1.0,device-10-28,field_worker,org-10
state-1-u29@org10,1900-01-01T00:00:00.000Z,,1.0,device-10-29,field_worker,org-10
state-1-u30@org10,1900-01-01T00:00:00.000Z,,1.0,device-10-30,field_worker,org-10
state-1-u31@org10,1900-01-01T00:00:00.000Z,,1.0,device-10-31,field_worker,org-10
state-1-u32@org10,1900-01-01T00:00:00.000Z,,1.0,device-10-32,field_worker,org-10
state-1-u33@org10,1900-01-01T00:00:00.000Z,,1.0,device-10-33,field_worker,org-10
state-1-u34@org10,1900-01-01T00:00:00.000Z,,1.0,device-10-34,field_worker,org-10
state-1-u35@org10,1900-01-01T00:00:00.000Z,,1.0,device-10-35,field_worker,org-10
state-1-u36@org10,1900-01-01T00:00:00.000Z,,1.0,device-10-36,field_worker,org-10
state-1-u37@org10,1900-01-01T00:00:00.000Z,,1.0,device-10-37,field_worker,org-10
state-1-u38@org10,1900-01-01T00:00:00.000Z,,1.0,device-10-38,field_worker,org-10
state-1-u39@org10,1900-01-01T00:00:00.000Z,,1.0,device-10-39,field_worker,org-10
state-1-u40@org10,1900-01-01T00:00:00.000Z,,1.0,device-10-40,field_worker,org-10
state-1-u41@org10,1900-01-01T00:00:00.000Z,,1.0,device-10-41,field_worker,org-10
state-1-u42@org10,1900-01-01T00:00:00.000Z,,1.0,device-10-42,field_worker,org-10
state-1-u43@org10,1900-01-01T00:00:00.000Z,,1.0,device-10-43,field_worker,org-10
state-1-u44@org10,1900-01-01T00:00:00.000Z,,1.0,device-10-44,field_worker,org-10
state-1-u45@org10,1900-01-01T00:00:00.000Z,,1.0,device-10-45,field_worker,org-10
state-1-u46@org10,1900-01-01T00:00:00.000Z,,1.0,device-10-46,field_worker,org-10
state-1-u47@org10,1900-01-01T00:00:00.000Z,,1.0,device-10-47,field_worker,org-10
state-1-u48@org10,1900-01-01T00:00:00.000Z,,1.0,device-10-48,field_worker,org-10
state-1-u49@org10,1900-01-01T00:00:00.000Z,,1.0,device-10-49,field_worker,org-10
state-1-u50@org10,1900-01-01T00:00:00.000Z,,1.0,device-10-50,field_worker,org-10
state-1-u51@org10,1900-01-01T00:00:00.000Z,,1.0,device-10-51,field_worker,org-10
state-1-u52@org10,1900-01-01T00:00:00.000Z,,1.0,device-10-52,field_worker,org-10
state-1-u53@org10,1900-01-01T00:00:00.000Z,,1.0,device-10-53,field_worker,org-10
state-1-u54@org10,1900-01-01T00:00:00.000Z,,1.0,device-10-54,field_worker,org-10
state-1-u55@org10,1900-01-01T00:00:00.000Z,,1.0,device-10-55,field_worker,org-10
state-1-u56@org10,1900-01-01T00:00:00.000Z,,1.0,device-10-56,field_worker,org-10
state-1-u57@org10,1900-01-01T00:00:00.000Z,,1.0,device-10-57,field_worker,org-10
state-1-u58@org10,1900-01-01T00:00:00.000Z,,1.0,device-10-58,field_worker,org-10
state-1-u59@org10,1900-01-01T00:00:00.000Z,,1.0,device-10-59,field_worker,org-10
state-1-u60@org10,1900-01-01T00:00:00.000Z,,1.0,device-10-60,field_worker,org-10
state-1-u61@org10,1900-01-01T00:00:00.000Z,,1.0,device-10-61,field_worker,org-10
state-1-u62@org10,1900-01-01T00:00:00.000Z,,1.0,device-10-62,field_worker,org-10
state-1-u63@org10,1900-01-01T00:00:00.000Z,,1.0,device-10-63,field_worker,org-10
state-1-u64@org10,1900-01-01T00:00:00.000Z,,1.0,device-10-64,field_worker,org-10
state-1-u65@org10,1900-01-01T00:00:00.000Z,,1.0,device-10-65,field_worker,org-10
state-1-u66@org10,1900-01-01T00:00:00.000Z,,1.0,device-10-66,field_worker,org-10
state-1-u67@org10,1900-01-01T00:00:00.000Z,,1.0,device-10-67,field_worker,org-10
state-1-u68@org10,1900-01-01T00:00:00.000Z,,1.0,device-10-68,field_worker,org-10
state-1-u69@org10,1900-01-01T00:00:00.000Z,,1.0,device-10-69,field_worker,org-10
state-1-u70@org10,1900-01-01T00:00:00.000Z,,1.0,device-10-70,field_worker,org-10
state-1-u71@org10,1900-01-01T00:00:00.000Z,,1.0,device-10-71,field_worker,org-10
state-1-u72@org10,1900-01-01T00:00:00.000Z,,1.0,device-10-72,field_worker,org-10
state-1-u73@org10,1900-01-01T00:00:00.000Z,,1.0,device-10-73,field_worker,org-10
state-1-u74@org10,1900-01-01T00:00:00.000Z,,1.0,device-10-74,field_worker,org-10
state-1-u75@org10,1900-01-01T00:00:00.000Z,,1.0,device-10-75,field_worker,org-10
state-1-u76@org10,1900-01-01T00:00:00.000Z,,1.0,device-10-76,field_worker,org-10
state-1-u77@org10,1900-01-01T00:00:00.000Z,,1.0,device-10-77,field_worker,org-10
state-1-u78@org10,1900-01-01T00:00:00.000Z,,1.0,device-10-78,field_worker,org-10
state-1-u79@org10,1900-01-01T00:00:00.000Z,,1.0,device-10-79,field_worker,org-10
state-1-u80@org10,1900-01-01T00:00:00.000Z,,1.0,device-10-80,field_worker,org-10
state-1-u81@org10,1900-01-01T00:00:00.000Z,,1.0,device-10-81,field_worker,org-10
state-1-u82@org10,1900-01-01T00:00:00.000Z,,1.0,device-10-82,field_worker,org-10
state-1-u83@org10,1900-01-01T00:00:00.000Z,,1.0,device-10-83,field_worker,org-10
state-1-u84@org10,1900-01-01T00:00:00.000Z,,1.0,device-10-84,field_worker,org-10
state-1-u85@org10,1900-01-01T00:00:00.000Z,,1.0,device-10-85,field_worker,org-10
state-1-u86@org10,1900-01-01T00:00:00.000Z,,1.0,device-10-86,field_worker,org-10
state-1-u87@org10,1900-01-01T00:00:00.000Z,,1.0,device-10-87,field_worker,org-10
state-1-u88@org10,1900-01-01T00:00:00.000Z,,1.0,device-10-88,field_worker,org-10
state-1-u89@org10,1900-01-01T00:00:00.000Z,,1.0,device-10-89,field_worker,org-10
state-1-u90@org10,1900-01-01T00:00:00.000Z,,1.0,device-10-90,field_worker,org-10
state-1-u91@org10,1900-01-01T00:00:00.000Z,,1.0,device-10-91,field_worker,org-10
state-1-u92@org10,1900-01-01T00:00:00.000Z,,1.0,device-10-92,field_worker,org-10
state-1-u93@org10,1900-01-01T00:00:00.000Z,,1.0,device-10-93,field_worker,org-10
state-1-u94@org10,1900-01-01T00:00:00.000Z,,1.0,device-10-94,field_worker,org-10
state-1-u95@org10,1900-01-01T00:00:00.000Z,,1.0,device-10-95,field_worker,org-10
state-1-u96@org10,1900-01-01T00:00:00.000Z,,1.0,device-10-96,field_worker,org-10
state-1-u97@org10,1900-01-01T00:00:00.000Z,,1.0,device-10-97,field_worker,org-10
state-1-u98@org10,1900-01-01T00:00:00.000Z,,1.0,device-10-98,field_worker,org-10
state-1-u99@org10,1900-01-01T00:00:00.000Z,,1.0,device-10-99,field_worker,org-10
state-1-u100@org10,1900-01-01T00:00:00.000Z,,1.0,device-10-100,field_worker,org-10
state-1-u101@org10,1900-01-01T00:00:00.000Z,,1.0,device-10-101,field_worker,org-10
state-1-u102@org10,1900-01-01T00:00:00.000Z,,1.0,device-10-102,field_worker,org-10
state-1-u103@org10,1900-01-01T00:00:00.000Z,,1.0,device-10-103,field_worker,org-10
state-1-u104@org10,1900-01-01T00:00:00.000Z,,1.0,device-10-104,field_worker,org-10
state-1-u105@org10,1900-01-01T00:00:00.000Z,,1.0,device-10-105,field_worker,org-10
state-1-u106@org10,1900-01-01T00:00:00.000Z,,1.0,device-10-106,field_worker,org-10
state-1-u107@org10,1900-01-01T00:00:00.000Z,,1.0,device-10-107,field_worker,org-10
state-1-u108@org10,1900-01-01T00:00:00.000Z,,1.0,device-10-108,field_worker,org-10
state-1-u109@org10,1900-01-01T00:00:00.000Z,,1.0,device-10-109,field_worker,org-10
state-1-u110@org10,1900-01-01T00:00:00.000Z,,1.0,device-10-110,field_worker,org-10
state-1-u111@org10,1900-01-01T00:00:00.000Z,,1.0,device-10-111,field_worker,org-10
state-1-u112@org10,1900-01-01T00:00:00.000Z,,1.0,device-10-112,field_worker,org-10
state-1-u113@org10,1900-01-01T00:00:00.000Z,,1.0,device-10-113,field_worker,org-10
state-1-u114@org10,1900-01-01T00:00:00.000Z,,1.0,device-10-114,field_worker,org-10
state-1-u115@org10,1900-01-01T00:00:00.000Z,,1.0,device-10-115,field_worker,org-10
state-1-u116@org10,1900-01-01T00:00:00.000Z,,1.0,device-10-116,field_worker,org-10
state-1-u117@org10,1900-01-01T00:00:00.000Z,,1.0,device-10-117,field_worker,org-10
state-1-u118@org10,1900-01-01T00:00:00.000Z,,1.0,device-10-118,field_worker,org-10
state-1-u119@org10,1900-01-01T00:00:00.000Z,,1.0,device-10-119,field_worker,org-10
state-1-u120@org10,1900-01-01T00:00:00.000Z,,1.0,device-10-120,field_worker,org-10
state-1-u121@org10,1900-01-01T00:00:00.000Z,,1.0,device-10-121,field_worker,org-10
state-1-u122@org10,1900-01-01T00:00:00.000Z,,1.0,device-10-122,field_worker,org-10
state-1-u123@org10,1900-01-01T00:00:00.000Z,,1.0,device-10-123,field_worker,org-10
state-1-u124@org10,1900-01-01T00:00:00.000Z,,1.0,device-10-124,field_worker,org-10
state-1-u125@org10,1900-01-01T00:00:00.000Z,,1.0,device-10-125,field_worker,org-10
state-1-u126@org10,1900-01-01T00:00:00.000Z,,1.0,device-10-126,field_worker,org-10
state-1-u127@org10,1900-01-01T00:00:00.000Z,,1.0,device-10-127,field_worker,org-10
state-1-u128@org10,1900-01-01T00:00:00.000Z,,1.0,device-10-128,field_worker,org-10
state-1-u129@org10,1900-01-01T00:00:00.000Z,,1.0,device-10-129,field_worker,org-10
state-1-u130@org10,1900-01-01T00:00:00.000Z,,1.0,device-10-130,field_worker,org-10
state-1-u131@org10,1900-01-01T00:00:00.000Z,,1.0,device-10-131,field_worker,org-10
state-1-u132@org10,1900-01-01T00:00:00.000Z,,1.0,device-10-132,field_worker,org-10
state-1-u133@org10,1900-01-01T00:00:00.000Z,,1.0,device-10-133,field_worker,org-10
state-1-u134@org10,1900-01-01T00:00:00.000Z,,1.0,device-10-134,field_worker,org-10
state-1-u135@org10,1900-01-01T00:00:00.000Z,,1.0,device-10-135,field_worker,org-10
state-1-u136@org10,1900-01-01T00:00:00.000Z,,1.0,device-10-136,field_worker,org-10
state-1-u137@org10,1900-01-01T00:00:00.000Z,,1.0,device-10-137,field_worker,org-10
state-1-u138@org10,1900-01-01T00:00:00.000Z,,1.0,device-10-138,field_worker,org-10
state-1-u139@org10,1900-01-01T00:00:00.000Z,,1.0,device-10-139,field_worker,org-10
state-1-u140@org10,1900-01-01T00:00:00.000Z,,1.0,device-10-140,field_worker,org-10
state-1-u141@org10,1900-01-01T00:00:00.000Z,,1.0,device-10-141,field_worker,org-10
state-1-u142@org10,1900-01-01T00:00:00.000Z,,1.0,device-10-142,field_worker,org-10
state-1-u143@org10,1900-01-01T00:00:00.000Z,,1.0,device-10-143,field_worker,org-10
state-1-u144@org10,1900-01-01T00:00:00.000Z,,1.0,device-10-144,field_worker,org-10
state-1-u145@org10,1900-01-01T00:00:00.000Z,,1.0,device-10-145,field_worker,org-10
state-1-u146@org10,1900-01-01T00:00:00.000Z,,1.0,device-10-146,field_worker,org-10
state-1-u147@org10,1900-01-01T00:00:00.000Z,,1.0,device-10-147,field_worker,org-10
state-1-u148@org10,1900-01-01T00:00:00.000Z,,1.0,device-10-148,field_worker,org-10
state-1-u149@org10,1900-01-01T00:00:00.000Z,,1.0,device-10-149,field_worker,org-10
state-1-u150@org10,1900-01-01T00:00:00.000Z,,1.0,device-10-150,field_worker,org-10
state-1-u151@org10,1900-01-01T00:00:00.000Z,,1.0,device-10-151,field_worker,org-10
state-1-u152@org10,1900-01-01T00:00:00.000Z,,1.0,device-10-152,field_worker,org-10
state-1-u153@org10,1900-01-01T00:00:00.000Z,,1.0,device-10-153,field_worker,org-10
state-1-u154@org10,1900-01-01T00:00:00.000Z,,1.0,device-10-154,field_worker,org-10
state-1-u155@org10,1900-01-01T00:00:00.000Z,,1.0,device-10-155,field_worker,org-10
state-1-u156@org10,1900-01-01T00:00:00.000Z,,1.0,device-10-156,field_worker,org-10
state-1-u157@org10,1900-01-01T00:00:00.000Z,,1.0,device-10-157,field_worker,org-10
state-1-u158@org10,1900-01-01T00:00:00.000Z,,1.0,device-10-158,field_worker,org-10
state-1-u159@org10,1900-01-01T00:00:00.000Z,,1.0,device-10-159,field_worker,org-10
state-1-u160@org10,1900-01-01T00:00:00.000Z,,1.0,device-10-160,field_worker,org-10
state-1-u161@org10,1900-01-01T00:00:00.000Z,,1.0,device-10-161,field_worker,org-10
state-1-u162@org10,1900-01-01T00:00:00.000Z,,1.0,device-10-162,field_worker,org-10
state-1-u163@org10,1900-01-01T00:00:00.000Z,,1.0,device-10-163,field_worker,org-10
state-1-u164@org10,1900-01-01T00:00:00.000Z,,1.0,device-10-164,field_worker,org-10
state-1-u165@org10,1900-01-01T00:00:00.000Z,,1.0,device-10-165,field_worker,org-10
state-1-u166@org10,1900-01-01T00:00:00.000Z,,1.0,device-10-166,field_worker,org-10
state-1-u167@org10,1900-01-01T00:00:00.000Z,,1.0,device-10-167,field_worker,org-10
state-1-u168@org10,1900-01-01T00:00:00.000Z,,1.0,device-10-168,field_worker,org-10
state-1-u169@org10,1900-01-01T00:00:00.000Z,,1.0,device-10-169,field_worker,org-10
state-1-u170@org10,1900-01-01T00:00:00.000Z,,1.0,device-10-170,field_worker,org-10
state-1-u171@org10,1900-01-01T00:00:00.000Z,,1.0,device-10-171,field_worker,org-10
state-1-u172@org10,1900-01-01T00:00:00.000Z,,1.0,device-10-172,field_worker,org-10
state-1-u173@org10,1900-01-01T00:00:00.000Z,,1.0,device-10-173,field_worker,org-10
state-1-u174@org10,1900-01-01T00:00:00.000Z,,1.0,device-10-174,field_worker,org-10
state-1-u175@org10,1900-01-01T00:00:00.000Z,,1.0,device-10-175,field_worker,org-10
state-1-u176@org10,1900-01-01T00:00:00.000Z,,1.0,device-10-176,field_worker,org-10
state-1-u177@org10,1900-01-01T00:00:00.000Z,,1.0,device-10-177,field_worker,org-10
state-1-u178@org10,1900-01-01T00:00:00.000Z,,1.0,device-10-178,field_worker,org-10
state-1-u179@org10,1900-01-01T00:00:00.000Z,,1.0,device-10-179,field_worker,org-10
state-1-u180@org10,1900-01-01T00:00:00.000Z,,1.0,device-10-180,field_worker,org-10
state-1-u181@org10,1900-01-01T00:00:00.000Z,,1.0,device-10-181,field_worker,org-10
state-1-u182@org10,1900-01-01T00:00:00.000Z,,1.0,device-10-182,field_worker,org-10
state-1-u183@org10,1900-01-01T00:00:00.000Z,,1.0,device-10-183,field_worker,org-10
state-1-u184@org10,1900-01-01T00:00:00.000Z,,1.0,device-10-184,field_worker,org-10
state-1-u185@org10,1900-01-01T00:00:00.000Z,,1.0,device-10-185,field_worker,org-10
state-1-u186@org10,1900-01-01T00:00:00.000Z,,1.0,device-10-186,field_worker,org-10
state-1-u187@org10,1900-01-01T00:00:00.000Z,,1.0,device-10-187,field_worker,org-10
state-1-u188@org10,1900-01-01T00:00:00.000Z,,1.0,device-10-188,field_worker,org-10
state-1-u189@org10,1900-01-01T00:00:00.000Z,,1.0,device-10-189,field_worker,org-10
state-1-u190@org10,1900-01-01T00:00:00.000Z,,1.0,device-10-190,field_worker,org-10
state-1-u191@org10,1900-01-01T00:00:00.000Z,,1.0,device-10-191,field_worker,org-10
state-1-u192@org10,1900-01-01T00:00:00.000Z,,1.0,device-10-192,field_worker,org-10
state-1-u193@org10,1900-01-01T00:00:00.000Z,,1.0,device-10-193,field_worker,org-10
state-1-u194@org10,1900-01-01T00:00:00.000Z,,1.0,device-10-194,field_worker,org-10
state-1-u195@org10,1900-01-01T00:00:00.000Z,,1.0,device-10-195,field_worker,org-10
state-1-u196@org10,1900-01-01T00:00:00.000Z,,1.0,device-10-196,field_worker,org-10
state-1-u197@org10,1900-01-01T00:00:00.000Z,,1.0,device-10-197,field_worker,org-10
state-1-u198@org10,1900-01-01T00:00:00.000Z,,1.0,device-10-198,field_worker,org-10
state-1-u199@org10,1900-01-01T00:00:00.000Z,,1.0,device-10-199,field_worker,org-10
state-1-u200@org10,1900-01-01T00:00:00.000Z,,1.0,device-10-200,field_worker,org-10
state-1-u201@org10,1900-01-01T00:00:00.000Z,,1.0,device-10-201,field_worker,org-10
state-1-u202@org10,1900-01-01T00:00:00.000Z,,1.0,device-10-202,field_worker,org-10
state-1-u203@org10,1900-01-01T00:00:00.000Z,,1.0,device-10-203,field_worker,org-10
state-1-u204@org10,1900-01-01T00:00:00.000Z,,1.0,device-10-204,field_worker,org-10
state-1-u205@org10,1900-01-01T00:00:00.000Z,,1.0,device-10-205,field_worker,org-10
state-1-u206@org10,1900-01-01T00:00:00.000Z,,1.0,device-10-206,field_worker,org-10
state-1-u207@org10,1900-01-01T00:00:00.000Z,,1.0,device-10-207,field_worker,org-10
state-1-u208@org10,1900-01-01T00:00:00.000Z,,1.0,device-10-208,field_worker,org-10
state-1-u209@org10,1900-01-01T00:00:00.000Z,,1.0,device-10-209,field_worker,org-10
state-1-u210@org10,1900-01-01T00:00:00.000Z,,1.0,device-10-210,field_worker,org-10
state-1-u211@org10,1900-01-01T00:00:00.000Z,,1.0,device-10-211,field_worker,org-10
state-1-u212@org10,1900-01-01T00:00:00.000Z,,1.0,device-10-212,field_worker,org-10
state-1-u213@org10,1900-01-01T00:00:00.000Z,,1.0,device-10-213,field_worker,org-10
state-1-u214@org10,1900-01-01T00:00:00.000Z,,1.0,device-10-214,field_worker,org-10
state-1-u215@org10,1900-01-01T00:00:00.000Z,,1.0,device-10-215,field_worker,org-10
state-1-u216@org10,1900-01-01T00:00:00.000Z,,1.0,device-10-216,field_worker,org-10
state-1-u217@org10,1900-01-01T00:00:00.000Z,,1.0,device-10-217,field_worker,org-10
state-1-u218@org10,1900-01-01T00:00:00.000Z,,1.0,device-10-218,field_worker,org-10
state-1-u219@org10,1900-01-01T00:00:00.000Z,,1.0,device-10-219,field_worker,org-10
state-1-u220@org10,1900-01-01T00:00:00.000Z,,1.0,device-10-220,field_worker,org-10
state-1-u221@org10,1900-01-01T00:00:00.000Z,,1.0,device-10-221,field_worker,org-10
state-1-u222@org10,1900-01-01T00:00:00.000Z,,1.0,device-10-222,field_worker,org-10
state-1-u223@org10,1900-01-01T00:00:00.000Z,,1.0,device-10-223,field_worker,org-10
state-1-u224@org10,1900-01-01T00:00:00.000Z,,1.0,device-10-224,field_worker,org-10
state-1-u225@org10,1900-01-01T00:00:00.000Z,,1.0,device-10-225,field_worker,org-10
state-1-u226@org10,1900-01-01T00:00:00.000Z,,1.0,device-10-226,field_worker,org-10
state-1-u227@org10,1900-01-01T00:00:00.000Z,,1.0,device-10-227,field_worker,org-10
state-1-u228@org10,1900-01-01T00:00:00.000Z,,1.0,device-10-228,field_worker,org-10
state-1-u229@org10,1900-01-01T00:00:00.000Z,,1.0,device-10-229,field_worker,org-10
state-1-u230@org10,1900-01-01T00:00:00.000Z,,1.0,device-10-230,field_worker,org-10
state-1-u231@org10,1900-01-01T00:00:00.000Z,,1.0,device-10-231,field_worker,org-10
state-1-u232@org10,1900-01-01T00:00:00.000Z,,1.0,device-10-232,field_worker,org-10
state-1-u233@org10,1900-01-01T00:00:00.000Z,,1.0,device-10-233,field_worker,org-10
state-1-u234@org10,1900-01-01T00:00:00.000Z,,1.0,device-10-234,field_worker,org-10
state-1-u235@org10,1900-01-01T00:00:00.000Z,,1.0,device-10-235,field_worker,org-10
state-1-u236@org10,1900-01-01T00:00:00.000Z,,1.0,device-10-236,field_worker,org-10
state-1-u237@org10,1900-01-01T00:00:00.000Z,,1.0,device-10-237,field_worker,org-10
state-1-u238@org10,1900-01-01T00:00:00.000Z,,1.0,device-10-238,field_worker,org-10
state-1-u239@org10,1900-01-01T00:00:00.000Z,,1.0,device-10-239,field_worker,org-10
state-1-u240@org10,1900-01-01T00:00:00.000Z,,1.0,device-10-240,field_worker,org-10
state-1-u241@org10,1900-01-01T00:00:00.000Z,,1.0,device-10-241,field_worker,org-10
state-1-u242@org10,1900-01-01T00:00:00.000Z,,1.0,device-10-242,field_worker,org-10
state-1-u243@org10,1900-01-01T00:00:00.000Z,,1.0,device-10-243,field_worker,org-10
state-1-u244@org10,1900-01-01T00:00:00.000Z,,1.0,device-10-244,field_worker,org-10
state-1-u245@org10,1900-01-01T00:00:00.000Z,,1.0,device-10-245,field_worker,org-10
state-1-u246@org10,1900-01-01T00:00:00.000Z,,1.0,device-10-246,field_worker,org-10
state-1-u247@org10,1900-01-01T00:00:00.000Z,,1.0,device-10-247,field_worker,org-10
state-1-u248@org10,1900-01-01T00:00:00.000Z,,1.0,device-10-248,field_worker,org-10
state-1-u249@org10,1900-01-01T00:00:00.000Z,,1.0,device-10-249,field_worker,org-10
state-1-u250@org10,1900-01-01T00:00:00.000Z,,1.0,device-10-250,field_worker,org-10
state-1-u251@org10,1900-01-01T00:00:00.000Z,,1.0,device-10-251,field_worker,org-10
state-1-u252@org10,1900-01-01T00:00:00.000Z,,1.0,device-10-252,field_worker,org-10
state-1-u253@org10,1900-01-01T00:00:00.000Z,,1.0,device-10-253,field_worker,org-10
state-1-u254@org10,1900-01-01T00:00:00.000Z,,1.0,device-10-254,field_worker,org-10
state-1-u255@org10,1900-01-01T00:00:00.000Z,,1.0,device-10-255,field_worker,org-10
state-1-u256@org10,1900-01-01T00:00:00.000Z,,1.0,device-10-256,field_worker,org-10
state-1-u257@org10,1900-01-01T00:00:00.000Z,,1.0,device-10-257,field_worker,org-10
state-1-u258@org10,1900-01-01T00:00:00.000Z,,1.0,device-10-258,field_worker,org-10
state-1-u259@org10,1900-01-01T00:00:00.000Z,,1.0,device-10-259,field_worker,org-10
state-1-u260@org10,1900-01-01T00:00:00.000Z,,1.0,device-10-260,field_worker,org-10
state-1-u261@org10,1900-01-01T00:00:00.000Z,,1.0,device-10-261,field_worker,org-10
state-1-u262@org10,1900-01-01T00:00:00.000Z,,1.0,device-10-262,field_worker,org-10
state-1-u263@org10,1900-01-01T00:00:00.000Z,,1.0,device-10-263,field_worker,org-10
state-1-u264@org10,1900-01-01T00:00:00.000Z,,1.0,device-10-264,field_worker,org-10
state-1-u265@org10,1900-01-01T00:00:00.000Z,,1.0,device-10-265,field_worker,org-10
state-1-u266@org10,1900-01-01T00:00:00.000Z,,1.0,device-10-266,field_worker,org-10
state-1-u267@org10,1900-01-01T00:00:00.000Z,,1.0,device-10-267,field_worker,org-10
state-1-u268@org10,1900-01-01T00:00:00.000Z,,1.0,device-10-268,field_worker,org-10
state-1-u269@org10,1900-01-01T00:00:00.000Z,,1.0,device-10-269,field_worker,org-10
state-1-u270@org10,1900-01-01T00:00:00.000Z,,1.0,device-10-270,field_worker,org-10
state-1-u271@org10,1900-01-01T00:00:00.000Z,,1.0,device-10-271,field_worker,org-10
state-1-u272@org10,1900-01-01T00:00:00.000Z,,1.0,device-10-272,field_worker,org-10
state-1-u273@org10,1900-01-01T00:00:00.000Z,,1.0,device-10-273,field_worker,org-10
state-1-u274@org10,1900-01-01T00:00:00.000Z,,1.0,device-10-274,field_worker,org-10
state-1-u275@org10,1900-01-01T00:00:00.000Z,,1.0,device-10-275,field_worker,org-10
state-1-u276@org10,1900-01-01T00:00:00.000Z,,1.0,device-10-276,field_worker,org-10
state-1-u277@org10,1900-01-01T00:00:00.000Z,,1.0,device-10-277,field_worker,org-10
state-1-u278@org10,1900-01-01T00:00:00.000Z,,1.0,device-10-278,field_worker,org-10
state-1-u279@org10,1900-01-01T00:00:00.000Z,,1.0,device-10-279,field_worker,org-10
state-1-u280@org10,1900-01-01T00:00:00.000Z,,1.0,device-10-280,field_worker,org-10
state-1-u281@org10,1900-01-01T00:00:00.000Z,,1.0,device-10-281,field_worker,org-10
state-1-u282@org10,1900-01-01T00:00:00.000Z,,1.0,device-10-282,field_worker,org-10
state-1-u283@org10,1900-01-01T00:00:00.000Z,,1.0,device-10-283,field_worker,org-10
state-1-u284@org10,1900-01-01T00:00:00.000Z,,1.0,device-10-284,field_worker,org-10
state-1-u285@org10,1900-01-01T00:00:00.000Z,,1.0,device-10-285,field_worker,org-10
state-1-u286@org10,1900-01-01T00:00:00.000Z,,1.0,device-10-286,field_worker,org-10
state-1-u287@org10,1900-01-01T00:00:00.000Z,,1.0,device-10-287,field_worker,org-10
state-1-u288@org10,1900-01-01T00:00:00.000Z,,1.0,device-10-288,field_worker,org-10
state-1-u289@org10,1900-01-01T00:00:00.000Z,,1.0,device-10-289,field_worker,org-10
state-1-u290@org10,1900-01-01T00:00:00.000Z,,1.0,device-10-290,field_worker,org-10
state-1-u291@org10,1900-01-01T00:00:00.000Z,,1.0,device-10-291,field_worker,org-10
state-1-u292@org10,1900-01-01T00:00:00.000Z,,1.0,device-10-292,field_worker,org-10
state-1-u293@org10,1900-01-01T00:00:00.000Z,,1.0,device-10-293,field_worker,org-10
state-1-u294@org10,1900-01-01T00:00:00.000Z,,1.0,device-10-294,field_worker,org-10
state-1-u295@org10,1900-01-01T00:00:00.000Z,,1.0,device-10-295,field_worker,org-10
state-1-u296@org10,1900-01-01T00:00:00.000Z,,1.0,device-10-296,field_worker,org-10
state-1-u297@org10,1900-01-01T00:00:00.000Z,,1.0,device-10-297,field_worker,org-10
state-1-u298@org10,1900-01-01T00:00:00.000Z,,1.0,device-10-298,field_worker,org-10
state-1-u299@org10,1900-01-01T00:00:00.000Z,,1.0,device-10-299,field_worker,org-10
state-1-u300@org10,1900-01-01T00:00:00.000Z,,1.0,device-10-300,field_worker,org-10
state-1-u301@org10,1900-01-01T00:00:00.000Z,,1.0,device-10-301,field_worker,org-10
state-1-u302@org10,1900-01-01T00:00:00.000Z,,1.0,device-10-302,field_worker,org-10
state-1-u303@org10,1900-01-01T00:00:00.000Z,,1.0,device-10-303,field_worker,org-10
state-1-u304@org10,1900-01-01T00:00:00.000Z,,1.0,device-10-304,field_worker,org-10
state-1-u305@org10,1900-01-01T00:00:00.000Z,,1.0,device-10-305,field_worker,org-10
state-1-u306@org10,1900-01-01T00:00:00.000Z,,1.0,device-10-306,field_worker,org-10
state-1-u307@org10,1900-01-01T00:00:00.000Z,,1.0,device-10-307,field_worker,org-10
state-1-u308@org10,1900-01-01T00:00:00.000Z,,1.0,device-10-308,field_worker,org-10
state-1-u309@org10,1900-01-01T00:00:00.000Z,,1.0,device-10-309,field_worker,org-10
state-1-u310@org10,1900-01-01T00:00:00.000Z,,1.0,device-10-310,field_worker,org-10
state-1-u311@org10,1900-01-01T00:00:00.000Z,,1.0,device-10-311,field_worker,org-10
state-1-u312@org10,1900-01-01T00:00:00.000Z,,1.0,device-10-312,field_worker,org-10
state-1-u313@org10,1900-01-01T00:00:00.000Z,,1.0,device-10-313,field_worker,org-10
state-1-u314@org10,1900-01-01T00:00:00.000Z,,1.0,device-10-314,field_worker,org-10
state-1-u315@org10,1900-01-01T00:00:00.000Z,,1.0,device-10-315,field_worker,org-10
state-1-u316@org10,1900-01-01T00:00:00.000Z,,1.0,device-10-316,field_worker,org-10
state-1-u317@org10,1900-01-01T00:00:00.000Z,,1.0,device-10-317,field_worker,org-10
state-1-u318@org10,1900-01-01T00:00:00.000Z,,1.0,device-10-318,field_worker,org-10
state-1-u319@org10,1900-01-01T00:00:00.000Z,,1.0,device-10-319,field_worker,org-10
state-1-u320@org10,1900-01-01T00:00:00.000Z,,1.0,device-10-320,field_worker,org-10
state-1-u321@org10,1900-01-01T00:00:00.000Z,,1.0,device-10-321,field_worker,org-10
state-1-u322@org10,1900-01-01T00:00:00.000Z,,1.0,device-10-322,field_worker,org-10
state-1-u323@org10,1900-01-01T00:00:00.000Z,,1.0,device-10-323,field_worker,org-10
state-1-u324@org10,1900-01-01T00:00:00.000Z,,1.0,device-10-324,field_worker,org-10
state-1-u325@org10,1900-01-01T00:00:00.000Z,,1.0,device-10-325,field_worker,org-10
state-1-u326@org10,1900-01-01T00:00:00.000Z,,1.0,device-10-326,field_worker,org-10
state-1-u327@org10,1900-01-01T00:00:00.000Z,,1.0,device-10-327,field_worker,org-10
state-1-u328@org10,1900-01-01T00:00:00.000Z,,1.0,device-10-328,field_worker,org-10
state-1-u329@org10,1900-01-01T00:00:00.000Z,,1.0,device-10-329,field_worker,org-10
state-1-u330@org10,1900-01-01T00:00:00.000Z,,1.0,device-10-330,field_worker,org-10
state-1-u331@org10,1900-01-01T00:00:00.000Z,,1.0,device-10-331,field_worker,org-10
state-1-u332@org10,1900-01-01T00:00:00.000Z,,1.0,device-10-332,field_worker,org-10
state-1-u333@org10,1900-01-01T00:00:00.000Z,,1.0,device-10-333,field_worker,org-10
state-1-u334@org10,1900-01-01T00:00:00.000Z,,1.0,device-10-334,field_worker,org-10
state-1-u335@org10,1900-01-01T00:00:00.000Z,,1.0,device-10-335,field_worker,org-10
state-1-u336@org10,1900-01-01T00:00:00.000Z,,1.0,device-10-336,field_worker,org-10
state-1-u337@org10,1900-01-01T00:00:00.000Z,,1.0,device-10-337,field_worker,org-10
state-1-u338@org10,1900-01-01T00:00:00.000Z,,1.0,device-10-338,field_worker,org-10
state-1-u339@org10,1900-01-01T00:00:00.000Z,,1.0,device-10-339,field_worker,org-10
state-1-u340@org10,1900-01-01T00:00:00.000Z,,1.0,device-10-340,field_worker,org-10
state-1-u341@org10,1900-01-01T00:00:00.000Z,,1.0,device-10-341,field_worker,org-10
state-1-u342@org10,1900-01-01T00:00:00.000Z,,1.0,device-10-342,field_worker,org-10
state-1-u343@org10,1900-01-01T00:00:00.000Z,,1.0,device-10-343,field_worker,org-10
state-1-u344@org10,1900-01-01T00:00:00.000Z,,1.0,device-10-344,field_worker,org-10
state-1-u345@org10,1900-01-01T00:00:00.000Z,,1.0,device-10-345,field_worker,org-10
state-1-u346@org10,1900-01-01T00:00:00.000Z,,1.0,device-10-346,field_worker,org-10
state-1-u347@org10,1900-01-01T00:00:00.000Z,,1.0,device-10-347,field_worker,org-10
state-1-u348@org10,1900-01-01T00:00:00.000Z,,1.0,device-10-348,field_worker,org-10
state-1-u349@org10,1900-01-01T00:00:00.000Z,,1.0,device-10-349,field_worker,org-10
state-1-u350@org10,1900-01-01T00:00:00.000Z,,1.0,device-10-350,field_worker,org-10
state-1-u351@org10,1900-01-01T00:00:00.000Z,,1.0,device-10-351,field_worker,org-10
state-1-u352@org10,1900-01-01T00:00:00.000Z,,1.0,device-10-352,field_worker,org-10
state-1-u353@org10,1900-01-01T00:00:00.000Z,,1.0,device-10-353,field_worker,org-10
state-1-u354@org10,1900-01-01T00:00:00.000Z,,1.0,device-10-354,field_worker,org-10
state-1-u355@org10,1900-01-01T00:00:00.000Z,,1.0,device-10-355,field_worker,org-10
state-1-u356@org10,1900-01-01T00:00:00.000Z,,1.0,device-10-356,field_worker,org-10
state-1-u357@org10,1900-01-01T00:00:00.000Z,,1.0,device-10-357,field_worker,org-10
state-1-u358@org10,1900-01-01T00:00:00.000Z,,1.0,device-10-358,field_worker,org-10
state-1-u359@org10,1900-01-01T00:00:00.000Z,,1.0,device-10-359,field_worker,org-10
state-1-u360@org10,1900-01-01T00:00:00.000Z,,1.0,device-10-360,field_worker,org-10
state-1-u361@org10,1900-01-01T00:00:00.000Z,,1.0,device-10-361,field_worker,org-10
state-1-u362@org10,1900-01-01T00:00:00.000Z,,1.0,device-10-362,field_worker,org-10
state-1-u363@org10,1900-01-01T00:00:00.000Z,,1.0,device-10-363,field_worker,org-10
state-1-u364@org10,1900-01-01T00:00:00.000Z,,1.0,device-10-364,field_worker,org-10
state-1-u365@org10,1900-01-01T00:00:00.000Z,,1.0,device-10-365,field_worker,org-10
state-1-u366@org10,1900-01-01T00:00:00.000Z,,1.0,device-10-366,field_worker,org-10
state-1-u367@org10,1900-01-01T00:00:00.000Z,,1.0,device-10-367,field_worker,org-10
state-1-u368@org10,1900-01-01T00:00:00.000Z,,1.0,device-10-368,field_worker,org-10
state-1-u369@org10,1900-01-01T00:00:00.000Z,,1.0,device-10-369,field_worker,org-10
state-1-u370@org10,1900-01-01T00:00:00.000Z,,1.0,device-10-370,field_worker,org-10
state-1-u371@org10,1900-01-01T00:00:00.000Z,,1.0,device-10-371,field_worker,org-10
state-1-u372@org10,1900-01-01T00:00:00.000Z,,1.0,device-10-372,field_worker,org-10
state-1-u373@org10,1900-01-01T00:00:00.000Z,,1.0,device-10-373,field_worker,org-10
state-1-u374@org10,1900-01-01T00:00:00.000Z,,1.0,device-10-374,field_worker,org-10
state-1-u375@org10,1900-01-01T00:00:00.000Z,,1.0,device-10-375,field_worker,org-10
state-1-u376@org10,1900-01-01T00:00:00.000Z,,1.0,device-10-376,field_worker,org-10
state-1-u377@org10,1900-01-01T00:00:00.000Z,,1.0,device-10-377,field_worker,org-10
state-1-u378@org10,1900-01-01T00:00:00.000Z,,1.0,device-10-378,field_worker,org-10
state-1-u379@org10,1900-01-01T00:00:00.000Z,,1.0,device-10-379,field_worker,org-10
state-1-u380@org10,1900-01-01T00:00:00.000Z,,1.0,device-10-380,field_worker,org-10
state-1-u381@org10,1900-01-01T00:00:00.000Z,,1.0,device-10-381,field_worker,org-10
state-1-u382@org10,1900-01-01T00:00:00.000Z,,1.0,device-10-382,field_worker,org-10
state-1-u383@org10,1900-01-01T00:00:00.000Z,,1.0,device-10-383,field_worker,org-10
state-1-u384@org10,1900-01-01T00:00:00.000Z,,1.0,device-10-384,field_worker,org-10
state-1-u385@org10,1900-01-01T00:00:00.000Z,,1.0,device-10-385,field_worker,org-10
state-1-u386@org10,1900-01-01T00:00:00.000Z,,1.0,device-10-386,field_worker,org-10
state-1-u387@org10,1900-01-01T00:00:00.000Z,,1.0,device-10-387,field_worker,org-10
state-1-u388@org10,1900-01-01T00:00:00.000Z,,1.0,device-10-388,field_worker,org-10
state-1-u389@org10,1900-01-01T00:00:00.000Z,,1.0,device-10-389,field_worker,org-10
state-1-u390@org10,1900-01-01T00:00:00.000Z,,1.0,device-10-390,field_worker,org-10
state-1-u391@org10,1900-01-01T00:00:00.000Z,,1.0,device-10-391,field_worker,org-10
state-1-u392@org10,1900-01-01T00:00:00.000Z,,1.0,device-10-392,field_worker,org-10
state-1-u393@org10,1900-01-01T00:00:00.000Z,,1.0,device-10-393,field_worker,org-10
state-1-u394@org10,1900-01-01T00:00:00.000Z,,1.0,device-10-394,field_worker,org-10
state-1-u395@org10,1900-01-01T00:00:00.000Z,,1.0,device-10-395,field_worker,org-10
state-1-u396@org10,1900-01-01T00:00:00.000Z,,1.0,device-10-396,field_worker,org-10
state-1-u397@org10,1900-01-01T00:00:00.000Z,,1.0,device-10-397,field_worker,org-10
state-1-u398@org10,1900-01-01T00:00:00.000Z,,1.0,device-10-398,field_worker,org-10
state-1-u399@org10,1900-01-01T00:00:00.000Z,,1.0,device-10-399,field_worker,org-10
state-1-u400@org10,1900-01-01T00:00:00.000Z,,1.0,device-10-400,field_worker,org-10
state-1-u401@org10,1900-01-01T00:00:00.000Z,,1.0,device-10-401,field_worker,org-10
state-1-u402@org10,1900-01-01T00:00:00.000Z,,1.0,device-10-402,field_worker,org-10
state-1-u403@org10,1900-01-01T00:00:00.000Z,,1.0,device-10-403,field_worker,org-10
state-1-u404@org10,1900-01-01T00:00:00.000Z,,1.0,device-10-404,field_worker,org-10
state-1-u405@org10,1900-01-01T00:00:00.000Z,,1.0,device-10-405,field_worker,org-10
state-1-u406@org10,1900-01-01T00:00:00.000Z,,1.0,device-10-406,field_worker,org-10
state-1-u407@org10,1900-01-01T00:00:00.000Z,,1.0,device-10-407,field_worker,org-10
state-1-u408@org10,1900-01-01T00:00:00.000Z,,1.0,device-10-408,field_worker,org-10
state-1-u409@org10,1900-01-01T00:00:00.000Z,,1.0,device-10-409,field_worker,org-10
state-1-u410@org10,1900-01-01T00:00:00.000Z,,1.0,device-10-410,field_worker,org-10
state-1-u411@org10,1900-01-01T00:00:00.000Z,,1.0,device-10-411,field_worker,org-10
state-1-u412@org10,1900-01-01T00:00:00.000Z,,1.0,device-10-412,field_worker,org-10
state-1-u413@org10,1900-01-01T00:00:00.000Z,,1.0,device-10-413,field_worker,org-10
state-1-u414@org10,1900-01-01T00:00:00.000Z,,1.0,device-10-414,field_worker,org-10
state-1-u415@org10,1900-01-01T00:00:00.000Z,,1.0,device-10-415,field_worker,org-10
state-1-u416@org10,1900-01-01T00:00:00.000Z,,1.0,device-10-416,field_worker,org-10
state-1-u417@org10,1900-01-01T00:00:00.000Z,,1.0,device-10-417,field_worker,org-10
state-1-u418@org10,1900-01-01T00:00:00.000Z,,1.0,device-10-418,field_worker,org-10
state-1-u419@org10,1900-01-01T00:00:00.000Z,,1.0,device-10-419,field_worker,org-10
state-1-u420@org10,1900-01-01T00:00:00.000Z,,1.0,device-10-420,field_worker,org-10
state-1-u421@org10,1900-01-01T00:00:00.000Z,,1.0,device-10-421,field_worker,org-10
state-1-u422@org10,1900-01-01T00:00:00.000Z,,1.0,device-10-422,field_worker,org-10
state-1-u423@org10,1900-01-01T00:00:00.000Z,,1.0,device-10-423,field_worker,org-10
state-1-u424@org10,1900-01-01T00:00:00.000Z,,1.0,device-10-424,field_worker,org-10
state-1-u425@org10,1900-01-01T00:00:00.000Z,,1.0,device-10-425,field_worker,org-10
state-1-u426@org10,1900-01-01T00:00:00.000Z,,1.0,device-10-426,field_worker,org-10
state-1-u427@org10,1900-01-01T00:00:00.000Z,,1.0,device-10-427,field_worker,org-10
state-1-u428@org10,1900-01-01T00:00:00.000Z,,1.0,device-10-428,field_worker,org-10
state-1-u429@org10,1900-01-01T00:00:00.000Z,,1.0,device-10-429,field_worker,org-10
state-1-u430@org10,1900-01-01T00:00:00.000Z,,1.0,device-10-430,field_worker,org-10
state-1-u431@org10,1900-01-01T00:00:00.000Z,,1.0,device-10-431,field_worker,org-10
state-1-u432@org10,1900-01-01T00:00:00.000Z,,1.0,device-10-432,field_worker,org-10
state-1-u433@org10,1900-01-01T00:00:00.000Z,,1.0,device-10-433,field_worker,org-10
state-1-u434@org10,1900-01-01T00:00:00.000Z,,1.0,device-10-434,field_worker,org-10
state-1-u435@org10,1900-01-01T00:00:00.000Z,,1.0,device-10-435,field_worker,org-10
state-1-u436@org10,1900-01-01T00:00:00.000Z,,1.0,device-10-436,field_worker,org-10
state-1-u437@org10,1900-01-01T00:00:00.000Z,,1.0,device-10-437,field_worker,org-10
state-1-u438@org10,1900-01-01T00:00:00.000Z,,1.0,device-10-438,field_worker,org-10
state-1-u439@org10,1900-01-01T00:00:00.000Z,,1.0,device-10-439,field_worker,org-10
state-1-u440@org10,1900-01-01T00:00:00.000Z,,1.0,device-10-440,field_worker,org-10
state-1-u441@org10,1900-01-01T00:00:00.000Z,,1.0,device-10-441,field_worker,org-10
state-1-u442@org10,1900-01-01T00:00:00.000Z,,1.0,device-10-442,field_worker,org-10
state-1-u443@org10,1900-01-01T00:00:00.000Z,,1.0,device-10-443,field_worker,org-10
state-1-u444@org10,1900-01-01T00:00:00.000Z,,1.0,device-10-444,field_worker,org-10
state-1-u445@org10,1900-01-01T00:00:00.000Z,,1.0,device-10-445,field_worker,org-10
state-1-u446@org10,1900-01-01T00:00:00.000Z,,1.0,device-10-446,field_worker,org-10
state-1-u447@org10,1900-01-01T00:00:00.000Z,,1.0,device-10-447,field_worker,org-10
state-1-u448@org10,1900-01-01T00:00:00.000Z,,1.0,device-10-448,field_worker,org-10
state-1-u449@org10,1900-01-01T00:00:00.000Z,,1.0,device-10-449,field_worker,org-10
state-1-u450@org10,1900-01-01T00:00:00.000Z,,1.0,device-10-450,field_worker,org-10
state-1-u451@org10,1900-01-01T00:00:00.000Z,,1.0,device-10-451,field_worker,org-10
state-1-u452@org10,1900-01-01T00:00:00.000Z,,1.0,device-10-452,field_worker,org-10
state-1-u453@org10,1900-01-01T00:00:00.000Z,,1.0,device-10-453,field_worker,org-10
state-1-u454@org10,1900-01-01T00:00:00.000Z,,1.0,device-10-454,field_worker,org-10
state-1-u455@org10,1900-01-01T00:00:00.000Z,,1.0,device-10-455,field_worker,org-10
state-1-u456@org10,1900-01-01T00:00:00.000Z,,1.0,device-10-456,field_worker,org-10
state-1-u457@org10,1900-01-01T00:00:00.000Z,,1.0,device-10-457,field_worker,org-10
state-1-u458@org10,1900-01-01T00:00:00.000Z,,1.0,device-10-458,field_worker,org-10
state-1-u459@org10,1900-01-01T00:00:00.000Z,,1.0,device-10-459,field_worker,org-10
state-1-u460@org10,1900-01-01T00:00:00.000Z,,1.0,device-10-460,field_worker,org-10
state-1-u461@org10,1900-01-01T00:00:00.000Z,,1.0,device-10-461,field_worker,org-10
state-1-u462@org10,1900-01-01T00:00:00.000Z,,1.0,device-10-462,field_worker,org-10
state-1-u463@org10,1900-01-01T00:00:00.000Z,,1.0,device-10-463,field_worker,org-10
state-1-u464@org10,1900-01-01T00:00:00.000Z,,1.0,device-10-464,field_worker,org-10
state-1-u465@org10,1900-01-01T00:00:00.000Z,,1.0,device-10-465,field_worker,org-10
state-1-u466@org10,1900-01-01T00:00:00.000Z,,1.0,device-10-466,field_worker,org-10
state-1-u467@org10,1900-01-01T00:00:00.000Z,,1.0,device-10-467,field_worker,org-10
state-1-u468@org10,1900-01-01T00:00:00.000Z,,1.0,device-10-468,field_worker,org-10
state-1-u469@org10,1900-01-01T00:00:00.000Z,,1.0,device-10-469,field_worker,org-10
state-1-u470@org10,1900-01-01T00:00:00.000Z,,1.0,device-10-470,field_worker,org-10
state-1-u471@org10,1900-01-01T00:00:00.000Z,,1.0,device-10-471,field_worker,org-10
state-1-u472@org10,1900-01-01T00:00:00.000Z,,1.0,device-10-472,field_worker,org-10
state-1-u473@org10,1900-01-01T00:00:00.000Z,,1.0,device-10-473,field_worker,org-10
state-1-u474@org10,1900-01-01T00:00:00.000Z,,1.0,device-10-474,field_worker,org-10
state-1-u475@org10,1900-01-01T00:00:00.000Z,,1.0,device-10-475,field_worker,org-10
state-1-u476@org10,1900-01-01T00:00:00.000Z,,1.0,device-10-476,field_worker,org-10
state-1-u477@org10,1900-01-01T00:00:00.000Z,,1.0,device-10-477,field_worker,org-10
state-1-u478@org10,1900-01-01T00:00:00.000Z,,1.0,device-10-478,field_worker,org-10
state-1-u479@org10,1900-01-01T00:00:00.000Z,,1.0,device-10-479,field_worker,org-10
state-1-u480@org10,1900-01-01T00:00:00.000Z,,1.0,device-10-480,field_worker,org-10
state-1-u481@org10,1900-01-01T00:00:00.000Z,,1.0,device-10-481,field_worker,org-10
state-1-u482@org10,1900-01-01T00:00:00.000Z,,1.0,device-10-482,field_worker,org-10
state-1-u483@org10,1900-01-01T00:00:00.000Z,,1.0,device-10-483,field_worker,org-10
state-1-u484@org10,1900-01-01T00:00:00.000Z,,1.0,device-10-484,field_worker,org-10
state-1-u485@org10,1900-01-01T00:00:00.000Z,,1.0,device-10-485,field_worker,org-10
state-1-u486@org10,1900-01-01T00:00:00.000Z,,1.0,device-10-486,field_worker,org-10
state-1-u487@org10,1900-01-01T00:00:00.000Z,,1.0,device-10-487,field_worker,org-10
state-1-u488@org10,1900-01-01T00:00:00.000Z,,1.0,device-10-488,field_worker,org-10
state-1-u489@org10,1900-01-01T00:00:00.000Z,,1.0,device-10-489,field_worker,org-10
state-1-u490@org10,1900-01-01T00:00:00.000Z,,1.0,device-10-490,field_worker,org-10
state-1-u491@org10,1900-01-01T00:00:00.000Z,,1.0,device-10-491,field_worker,org-10
state-1-u492@org10,1900-01-01T00:00:00.000Z,,1.0,device-10-492,field_worker,org-10
state-1-u493@org10,1900-01-01T00:00:00.000Z,,1.0,device-10-493,field_worker,org-10
state-1-u494@org10,1900-01-01T00:00:00.000Z,,1.0,device-10-494,field_worker,org-10
state-1-u495@org10,1900-01-01T00:00:00.000Z,,1.0,device-10-495,field_worker,org-10
state-1-u496@org10,1900-01-01T00:00:00.000Z,,1.0,device-10-496,field_worker,org-10
state-1-u497@org10,1900-01-01T00:00:00.000Z,,1.0,device-10-497,field_worker,org-10
state-1-u498@org10,1900-01-01T00:00:00.000Z,,1.0,device-10-498,field_worker,org-10
state-1-u499@org10,1900-01-01T00:00:00.000Z,,1.0,device-10-499,field_worker,org-10
state-1-u500@org10,1900-01-01T00:00:00.000Z,,1.0,device-10-500,field_worker,org-10
state-1-u501@org10,1900-01-01T00:00:00.000Z,,1.0,device-10-501,field_worker,org-10
state-1-u502@org10,1900-01-01T00:00:00.000Z,,1.0,device-10-502,supervisor,org-10
state-1-u503@org10,1900-01-01T00:00:00.000Z,,1.0,device-10-503,supervisor,org-10
state-1-u504@org10,1900-01-01T00:00:00.000Z,,1.0,device-10-504,supervisor,org-10
state-1-u505@org10,1900-01-01T00:00:00.000Z,,1.0,device-10-505,supervisor,org-10
state-1-u506@org10,1900-01-01T00:00:00.000Z,,1.0,device-10-506,supervisor,org-10
state-1-u507@org10,1900-01-01T00:00:00.000Z,,1.0,device-10-507,supervisor,org-10
state-1-u508@org10,1900-01-01T00:00:00.000Z,,1.0,device-10-508,supervisor,org-10
state-1-u509@org10,1900-01-01T00:00:00.000Z,,1.0,device-10-509,supervisor,org-10
state-1-u510@org10,1900-01-01T00:00:00.000Z,,1.0,device-10-510,supervisor,org-10
state-1-u511@org10,1900-01-01T00:00:00.000Z,,1.0,device-10-511,supervisor,org-10
state-1-u512@org10,1900-01-01T00:00:00.000Z,,1.0,device-10-512,supervisor,org-10
state-1-u513@org10,1900-01-01T00:00:00.000Z,,1.0,device-10-513,supervisor,org-10
state-1-u514@org10,1900-01-01T00:00:00.000Z,,1.0,device-10-514,supervisor,org-10
state-1-u515@org10,1900-01-01T00:00:00.000Z,,1.0,device-10-515,supervisor,org-10
state-1-u516@org10,1900-01-01T00:00:00.000Z,,1.0,device-10-516,supervisor,org-10
state-1-u517@org10,1900-01-01T00:00:00.000Z,,1.0,device-10-517,supervisor,org-10
state-1-u518@org10,1900-01-01T00:00:00.000Z,,1.0,device-10-518,supervisor,org-10
state-1-u519@org10,1900-01-01T00:00:00.000Z,,1.0,device-10-519,supervisor,org-10
state-1-u520@org10,1900-01-01T00:00:00.000Z,,1.0,device-10-520,supervisor,org-10
state-1-u521@org10,1900-01-01T00:00:00.000Z,,1.0,device-10-521,supervisor,org-10
state-1-u522@org10,1900-01-01T00:00:00.000Z,,1.0,device-10-522,supervisor,org-10
state-1-u523@org10,1900-01-01T00:00:00.000Z,,1.0,device-10-523,supervisor,org-10
state-1-u524@org10,1900-01-01T00:00:00.000Z,,1.0,device-10-524,supervisor,org-10
state-1-u525@org10,1900-01-01T00:00:00.000Z,,1.0,device-10-525,supervisor,org-10
state-1-u526@org10,1900-01-01T00:00:00.000Z,,1.0,device-10-526,supervisor,org-10
state-2-u3600001@org11,1900-01-01T00:00:00.000Z,,1.0,device-11-3600001,field_worker,org-11
state-2-u3600002@org11,1900-01-01T00:00:00.000Z,,1.0,device-11-3600002,field_worker,org-11
state-2-u3600003@org11,1900-01-01T00:00:00.000Z,,1.0,device-11-3600003,field_worker,org-11
state-2-u3600004@org11,1900-01-01T00:00:00.000Z,,1.0,device-11-3600004,field_worker,org-11
state-2-u3600005@org11,1900-01-01T00:00:00.000Z,,1.0,device-11-3600005,field_worker,org-11
state-2-u3600006@org11,1900-01-01T00:00:00.000Z,,1.0,device-11-3600006,field_worker,org-11
state-2-u3600007@org11,1900-01-01T00:00:00.000Z,,1.0,device-11-3600007,field_worker,org-11
state-2-u3600008@org11,1900-01-01T00:00:00.000Z,,1.0,device-11-3600008,field_worker,org-11
state-2-u3600009@org11,1900-01-01T00:00:00.000Z,,1.0,device-11-3600009,field_worker,org-11
state-2-u3600010@org11,1900-01-01T00:00:00.000Z,,1.0,device-11-3600010,field_worker,org-11
state-2-u3600011@org11,1900-01-01T00:00:00.000Z,,1.0,device-11-3600011,field_worker,org-11
state-2-u3600012@org11,1900-01-01T00:00:00.000Z,,1.0,device-11-3600012,field_worker,org-11
state-2-u3600013@org11,1900-01-01T00:00:00.000Z,,1.0,device-11-3600013,field_worker,org-11
state-2-u3600014@org11,1900-01-01T00:00:00.000Z,,1.0,device-11-3600014,field_worker,org-11
state-2-u3600015@org11,1900-01-01T00:00:00.000Z,,1.0,device-11-3600015,field_worker,org-11
state-2-u3600016@org11,1900-01-01T00:00:00.000Z,,1.0,device-11-3600016,field_worker,org-11
state-2-u3600017@org11,1900-01-01T00:00:00.000Z,,1.0,device-11-3600017,field_worker,org-11
state-2-u3600018@org11,1900-01-01T00:00:00.000Z,,1.0,device-11-3600018,field_worker,org-11
state-2-u3600019@org11,1900-01-01T00:00:00.000Z,,1.0,device-11-3600019,field_worker,org-11
state-2-u3600020@org11,1900-01-01T00:00:00.000Z,,1.0,device-11-3600020,field_worker,org-11
state-2-u3600021@org11,1900-01-01T00:00:00.000Z,,1.0,device-11-3600021,field_worker,org-11
state-2-u3600022@org11,1900-01-01T00:00:00.000Z,,1.0,device-11-3600022,field_worker,org-11
state-2-u3600023@org11,1900-01-01T00:00:00.000Z,,1.0,device-11-3600023,field_worker,org-11
state-2-u3600024@org11,1900-01-01T00:00:00.000Z,,1.0,device-11-3600024,field_worker,org-11
state-2-u3600025@org11,1900-01-01T00:00:00.000Z,,1.0,device-11-3600025,field_worker,org-11
state-2-u3600026@org11,1900-01-01T00:00:00.000Z,,1.0,device-11-3600026,field_worker,org-11
state-2-u3600027@org11,1900-01-01T00:00:00.000Z,,1.0,device-11-3600027,field_worker,org-11
state-2-u3600028@org11,1900-01-01T00:00:00.000Z,,1.0,device-11-3600028,field_worker,org-11
state-2-u3600029@org11,1900-01-01T00:00:00.000Z,,1.0,device-11-3600029,field_worker,org-11
state-2-u3600030@org11,1900-01-01T00:00:00.000Z,,1.0,device-11-3600030,field_worker,org-11
state-2-u3600031@org11,1900-01-01T00:00:00.000Z,,1.0,device-11-3600031,field_worker,org-11
state-2-u3600032@org11,1900-01-01T00:00:00.000Z,,1.0,device-11-3600032,field_worker,org-11
state-2-u3600033@org11,1900-01-01T00:00:00.000Z,,1.0,device-11-3600033,field_worker,org-11
state-2-u3600034@org11,1900-01-01T00:00:00.000Z,,1.0,device-11-3600034,field_worker,org-11
state-2-u3600035@org11,1900-01-01T00:00:00.000Z,,1.0,device-11-3600035,field_worker,org-11
state-2-u3600036@org11,1900-01-01T00:00:00.000Z,,1.0,device-11-3600036,field_worker,org-11
state-2-u3600037@org11,1900-01-01T00:00:00.000Z,,1.0,device-11-3600037,field_worker,org-11
state-2-u3600038@org11,1900-01-01T00:00:00.000Z,,1.0,device-11-3600038,field_worker,org-11
state-2-u3600039@org11,1900-01-01T00:00:00.000Z,,1.0,device-11-3600039,field_worker,org-11
state-2-u3600040@org11,1900-01-01T00:00:00.000Z,,1.0,device-11-3600040,field_worker,org-11
state-2-u3600041@org11,1900-01-01T00:00:00.000Z,,1.0,device-11-3600041,field_worker,org-11
state-2-u3600042@org11,1900-01-01T00:00:00.000Z,,1.0,device-11-3600042,field_worker,org-11
state-2-u3600043@org11,1900-01-01T00:00:00.000Z,,1.0,device-11-3600043,field_worker,org-11
state-2-u3600044@org11,1900-01-01T00:00:00.000Z,,1.0,device-11-3600044,field_worker,org-11
state-2-u3600045@org11,1900-01-01T00:00:00.000Z,,1.0,device-11-3600045,field_worker,org-11
state-2-u3600046@org11,1900-01-01T00:00:00.000Z,,1.0,device-11-3600046,field_worker,org-11
state-2-u3600047@org11,1900-01-01T00:00:00.000Z,,1.0,device-11-3600047,field_worker,org-11
state-2-u3600048@org11,1900-01-01T00:00:00.000Z,,1.0,device-11-3600048,field_worker,org-11
state-2-u3600049@org11,1900-01-01T00:00:00.000Z,,1.0,device-11-3600049,field_worker,org-11
state-2-u3600050@org11,1900-01-01T00:00:00.000Z,,1.0,device-11-3600050,field_worker,org-11
state-2-u3600051@org11,1900-01-01T00:00:00.000Z,,1.0,device-11-3600051,field_worker,org-11
state-2-u3600052@org11,1900-01-01T00:00:00.000Z,,1.0,device-11-3600052,field_worker,org-11
state-2-u3600053@org11,1900-01-01T00:00:00.000Z,,1.0,device-11-3600053,field_worker,org-11
state-2-u3600054@org11,1900-01-01T00:00:00.000Z,,1.0,device-11-3600054,field_worker,org-11
state-2-u3600055@org11,1900-01-01T00:00:00.000Z,,1.0,device-11-3600055,field_worker,org-11
state-2-u3600056@org11,1900-01-01T00:00:00.000Z,,1.0,device-11-3600056,field_worker,org-11
state-2-u3600057@org11,1900-01-01T00:00:00.000Z,,1.0,device-11-3600057,field_worker,org-11
state-2-u3600058@org11,1900-01-01T00:00:00.000Z,,1.0,device-11-3600058,field_worker,org-11
state-2-u3600059@org11,1900-01-01T00:00:00.000Z,,1.0,device-11-3600059,field_worker,org-11
state-2-u3600060@org11,1900-01-01T00:00:00.000Z,,1.0,device-11-3600060,field_worker,org-11
state-2-u3600061@org11,1900-01-01T00:00:00.000Z,,1.0,device-11-3600061,field_worker,org-11
state-2-u3600062@org11,1900-01-01T00:00:00.000Z,,1.0,device-11-3600062,field_worker,org-11
state-2-u3600063@org11,1900-01-01T00:00:00.000Z,,1.0,device-11-3600063,field_worker,org-11
state-2-u3600064@org11,1900-01-01T00:00:00.000Z,,1.0,device-11-3600064,field_worker,org-11
state-2-u3600065@org11,1900-01-01T00:00:00.000Z,,1.0,device-11-3600065,field_worker,org-11
state-2-u3600066@org11,1900-01-01T00:00:00.000Z,,1.0,device-11-3600066,field_worker,org-11
state-2-u3600067@org11,1900-01-01T00:00:00.000Z,,1.0,device-11-3600067,field_worker,org-11
state-2-u3600068@org11,1900-01-01T00:00:00.000Z,,1.0,device-11-3600068,field_worker,org-11
state-2-u3600069@org11,1900-01-01T00:00:00.000Z,,1.0,device-11-3600069,field_worker,org-11
state-2-u3600070@org11,1900-01-01T00:00:00.000Z,,1.0,device-11-3600070,field_worker,org-11
state-2-u3600071@org11,1900-01-01T00:00:00.000Z,,1.0,device-11-3600071,field_worker,org-11
state-2-u3600072@org11,1900-01-01T00:00:00.000Z,,1.0,device-11-3600072,field_worker,org-11
state-2-u3600073@org11,1900-01-01T00:00:00.000Z,,1.0,device-11-3600073,field_worker,org-11
state-2-u3600074@org11,1900-01-01T00:00:00.000Z,,1.0,device-11-3600074,field_worker,org-11
state-2-u3600075@org11,1900-01-01T00:00:00.000Z,,1.0,device-11-3600075,field_worker,org-11
state-2-u3600076@org11,1900-01-01T00:00:00.000Z,,1.0,device-11-3600076,field_worker,org-11
state-2-u3600077@org11,1900-01-01T00:00:00.000Z,,1.0,device-11-3600077,field_worker,org-11
state-2-u3600078@org11,1900-01-01T00:00:00.000Z,,1.0,device-11-3600078,field_worker,org-11
state-2-u3600079@org11,1900-01-01T00:00:00.000Z,,1.0,device-11-3600079,field_worker,org-11
state-2-u3600080@org11,1900-01-01T00:00:00.000Z,,1.0,device-11-3600080,field_worker,org-11
state-2-u3600081@org11,1900-01-01T00:00:00.000Z,,1.0,device-11-3600081,field_worker,org-11
state-2-u3600082@org11,1900-01-01T00:00:00.000Z,,1.0,device-11-3600082,field_worker,org-11
state-2-u3600083@org11,1900-01-01T00:00:00.000Z,,1.0,device-11-3600083,field_worker,org-11
state-2-u3600084@org11,1900-01-01T00:00:00.000Z,,1.0,device-11-3600084,field_worker,org-11
state-2-u3600085@org11,1900-01-01T00:00:00.000Z,,1.0,device-11-3600085,field_worker,org-11
state-2-u3600086@org11,1900-01-01T00:00:00.000Z,,1.0,device-11-3600086,field_worker,org-11
state-2-u3600087@org11,1900-01-01T00:00:00.000Z,,1.0,device-11-3600087,field_worker,org-11
state-2-u3600088@org11,1900-01-01T00:00:00.000Z,,1.0,device-11-3600088,field_worker,org-11
state-2-u3600089@org11,1900-01-01T00:00:00.000Z,,1.0,device-11-3600089,field_worker,org-11
state-2-u3600090@org11,1900-01-01T00:00:00.000Z,,1.0,device-11-3600090,field_worker,org-11
state-2-u3600091@org11,1900-01-01T00:00:00.000Z,,1.0,device-11-3600091,field_worker,org-11
state-2-u3600092@org11,1900-01-01T00:00:00.000Z,,1.0,device-11-3600092,field_worker,org-11
state-2-u3600093@org11,1900-01-01T00:00:00.000Z,,1.0,device-11-3600093,field_worker,org-11
state-2-u3600094@org11,1900-01-01T00:00:00.000Z,,1.0,device-11-3600094,field_worker,org-11
state-2-u3600095@org11,1900-01-01T00:00:00.000Z,,1.0,device-11-3600095,field_worker,org-11
state-2-u3600096@org11,1900-01-01T00:00:00.000Z,,1.0,device-11-3600096,field_worker,org-11
state-2-u3600097@org11,1900-01-01T00:00:00.000Z,,1.0,device-11-3600097,field_worker,org-11
state-2-u3600098@org11,1900-01-01T00:00:00.000Z,,1.0,device-11-3600098,field_worker,org-11
state-2-u3600099@org11,1900-01-01T00:00:00.000Z,,1.0,device-11-3600099,field_worker,org-11
state-2-u3600100@org11,1900-01-01T00:00:00.000Z,,1.0,device-11-3600100,field_worker,org-11
state-2-u3600101@org11,1900-01-01T00:00:00.000Z,,1.0,device-11-3600101,field_worker,org-11
state-2-u3600102@org11,1900-01-01T00:00:00.000Z,,1.0,device-11-3600102,field_worker,org-11
state-2-u3600103@org11,1900-01-01T00:00:00.000Z,,1.0,device-11-3600103,field_worker,org-11
state-2-u3600104@org11,1900-01-01T00:00:00.000Z,,1.0,device-11-3600104,field_worker,org-11
state-2-u3600105@org11,1900-01-01T00:00:00.000Z,,1.0,device-11-3600105,field_worker,org-11
state-2-u3600106@org11,1900-01-01T00:00:00.000Z,,1.0,device-11-3600106,field_worker,org-11
state-2-u3600107@org11,1900-01-01T00:00:00.000Z,,1.0,device-11-3600107,field_worker,org-11
state-2-u3600108@org11,1900-01-01T00:00:00.000Z,,1.0,device-11-3600108,field_worker,org-11
state-2-u3600109@org11,1900-01-01T00:00:00.000Z,,1.0,device-11-3600109,field_worker,org-11
state-2-u3600110@org11,1900-01-01T00:00:00.000Z,,1.0,device-11-3600110,field_worker,org-11
state-2-u3600111@org11,1900-01-01T00:00:00.000Z,,1.0,device-11-3600111,field_worker,org-11
state-2-u3600112@org11,1900-01-01T00:00:00.000Z,,1.0,device-11-3600112,field_worker,org-11
state-2-u3600113@org11,1900-01-01T00:00:00.000Z,,1.0,device-11-3600113,field_worker,org-11
state-2-u3600114@org11,1900-01-01T00:00:00.000Z,,1.0,device-11-3600114,field_worker,org-11
state-2-u3600115@org11,1900-01-01T00:00:00.000Z,,1.0,device-11-3600115,field_worker,org-11
state-2-u3600116@org11,1900-01-01T00:00:00.000Z,,1.0,device-11-3600116,field_worker,org-11
state-2-u3600117@org11,1900-01-01T00:00:00.000Z,,1.0,device-11-3600117,field_worker,org-11
state-2-u3600118@org11,1900-01-01T00:00:00.000Z,,1.0,device-11-3600118,field_worker,org-11
state-2-u3600119@org11,1900-01-01T00:00:00.000Z,,1.0,device-11-3600119,field_worker,org-11
state-2-u3600120@org11,1900-01-01T00:00:00.000Z,,1.0,device-11-3600120,field_worker,org-11
state-2-u3600121@org11,1900-01-01T00:00:00.000Z,,1.0,device-11-3600121,field_worker,org-11
state-2-u3600122@org11,1900-01-01T00:00:00.000Z,,1.0,device-11-3600122,field_worker,org-11
state-2-u3600123@org11,1900-01-01T00:00:00.000Z,,1.0,device-11-3600123,field_worker,org-11
state-2-u3600124@org11,1900-01-01T00:00:00.000Z,,1.0,device-11-3600124,field_worker,org-11
state-2-u3600125@org11,1900-01-01T00:00:00.000Z,,1.0,device-11-3600125,field_worker,org-11
state-2-u3600126@org11,1900-01-01T00:00:00.000Z,,1.0,device-11-3600126,field_worker,org-11
state-2-u3600127@org11,1900-01-01T00:00:00.000Z,,1.0,device-11-3600127,field_worker,org-11
state-2-u3600128@org11,1900-01-01T00:00:00.000Z,,1.0,device-11-3600128,field_worker,org-11
state-2-u3600129@org11,1900-01-01T00:00:00.000Z,,1.0,device-11-3600129,field_worker,org-11
state-2-u3600130@org11,1900-01-01T00:00:00.000Z,,1.0,device-11-3600130,field_worker,org-11
state-2-u3600131@org11,1900-01-01T00:00:00.000Z,,1.0,device-11-3600131,field_worker,org-11
state-2-u3600132@org11,1900-01-01T00:00:00.000Z,,1.0,device-11-3600132,field_worker,org-11
state-2-u3600133@org11,1900-01-01T00:00:00.000Z,,1.0,device-11-3600133,field_worker,org-11
state-2-u3600134@org11,1900-01-01T00:00:00.000Z,,1.0,device-11-3600134,field_worker,org-11
state-2-u3600135@org11,1900-01-01T00:00:00.000Z,,1.0,device-11-3600135,field_worker,org-11
state-2-u3600136@org11,1900-01-01T00:00:00.000Z,,1.0,device-11-3600136,field_worker,org-11
state-2-u3600137@org11,1900-01-01T00:00:00.000Z,,1.0,device-11-3600137,field_worker,org-11
state-2-u3600138@org11,1900-01-01T00:00:00.000Z,,1.0,device-11-3600138,field_worker,org-11
state-2-u3600139@org11,1900-01-01T00:00:00.000Z,,1.0,device-11-3600139,field_worker,org-11
state-2-u3600140@org11,1900-01-01T00:00:00.000Z,,1.0,device-11-3600140,field_worker,org-11
state-2-u3600141@org11,1900-01-01T00:00:00.000Z,,1.0,device-11-3600141,field_worker,org-11
state-2-u3600142@org11,1900-01-01T00:00:00.000Z,,1.0,device-11-3600142,field_worker,org-11
state-2-u3600143@org11,1900-01-01T00:00:00.000Z,,1.0,device-11-3600143,field_worker,org-11
state-2-u3600144@org11,1900-01-01T00:00:00.000Z,,1.0,device-11-3600144,field_worker,org-11
state-2-u3600145@org11,1900-01-01T00:00:00.000Z,,1.0,device-11-3600145,field_worker,org-11
state-2-u3600146@org11,1900-01-01T00:00:00.000Z,,1.0,device-11-3600146,field_worker,org-11
state-2-u3600147@org11,1900-01-01T00:00:00.000Z,,1.0,device-11-3600147,field_worker,org-11
state-2-u3600148@org11,1900-01-01T00:00:00.000Z,,1.0,device-11-3600148,field_worker,org-11
state-2-u3600149@org11,1900-01-01T00:00:00.000Z,,1.0,device-11-3600149,field_worker,org-11
state-2-u3600150@org11,1900-01-01T00:00:00.000Z,,1.0,device-11-3600150,field_worker,org-11
state-2-u3600151@org11,1900-01-01T00:00:00.000Z,,1.0,device-11-3600151,field_worker,org-11
state-2-u3600152@org11,1900-01-01T00:00:00.000Z,,1.0,device-11-3600152,field_worker,org-11
state-2-u3600153@org11,1900-01-01T00:00:00.000Z,,1.0,device-11-3600153,field_worker,org-11
state-2-u3600154@org11,1900-01-01T00:00:00.000Z,,1.0,device-11-3600154,field_worker,org-11
state-2-u3600155@org11,1900-01-01T00:00:00.000Z,,1.0,device-11-3600155,field_worker,org-11
state-2-u3600156@org11,1900-01-01T00:00:00.000Z,,1.0,device-11-3600156,field_worker,org-11
state-2-u3600157@org11,1900-01-01T00:00:00.000Z,,1.0,device-11-3600157,field_worker,org-11
state-2-u3600158@org11,1900-01-01T00:00:00.000Z,,1.0,device-11-3600158,field_worker,org-11
state-2-u3600159@org11,1900-01-01T00:00:00.000Z,,1.0,device-11-3600159,field_worker,org-11
state-2-u3600160@org11,1900-01-01T00:00:00.000Z,,1.0,device-11-3600160,field_worker,org-11
state-2-u3600161@org11,1900-01-01T00:00:00.000Z,,1.0,device-11-3600161,field_worker,org-11
state-2-u3600162@org11,1900-01-01T00:00:00.000Z,,1.0,device-11-3600162,field_worker,org-11
state-2-u3600163@org11,1900-01-01T00:00:00.000Z,,1.0,device-11-3600163,field_worker,org-11
state-2-u3600164@org11,1900-01-01T00:00:00.000Z,,1.0,device-11-3600164,field_worker,org-11
state-2-u3600165@org11,1900-01-01T00:00:00.000Z,,1.0,device-11-3600165,field_worker,org-11
state-2-u3600166@org11,1900-01-01T00:00:00.000Z,,1.0,device-11-3600166,field_worker,org-11
state-2-u3600167@org11,1900-01-01T00:00:00.000Z,,1.0,device-11-3600167,field_worker,org-11
state-2-u3600168@org11,1900-01-01T00:00:00.000Z,,1.0,device-11-3600168,field_worker,org-11
state-2-u3600169@org11,1900-01-01T00:00:00.000Z,,1.0,device-11-3600169,field_worker,org-11
state-2-u3600170@org11,1900-01-01T00:00:00.000Z,,1.0,device-11-3600170,field_worker,org-11
state-2-u3600171@org11,1900-01-01T00:00:00.000Z,,1.0,device-11-3600171,field_worker,org-11
state-2-u3600172@org11,1900-01-01T00:00:00.000Z,,1.0,device-11-3600172,field_worker,org-11
state-2-u3600173@org11,1900-01-01T00:00:00.000Z,,1.0,device-11-3600173,field_worker,org-11
state-2-u3600174@org11,1900-01-01T00:00:00.000Z,,1.0,device-11-3600174,field_worker,org-11
state-2-u3600175@org11,1900-01-01T00:00:00.000Z,,1.0,device-11-3600175,field_worker,org-11
state-2-u3600176@org11,1900-01-01T00:00:00.000Z,,1.0,device-11-3600176,field_worker,org-11
state-2-u3600177@org11,1900-01-01T00:00:00.000Z,,1.0,device-11-3600177,field_worker,org-11
state-2-u3600178@org11,1900-01-01T00:00:00.000Z,,1.0,device-11-3600178,field_worker,org-11
state-2-u3600179@org11,1900-01-01T00:00:00.000Z,,1.0,device-11-3600179,field_worker,org-11
state-2-u3600180@org11,1900-01-01T00:00:00.000Z,,1.0,device-11-3600180,field_worker,org-11
state-2-u3600181@org11,1900-01-01T00:00:00.000Z,,1.0,device-11-3600181,field_worker,org-11
state-2-u3600182@org11,1900-01-01T00:00:00.000Z,,1.0,device-11-3600182,field_worker,org-11
state-2-u3600183@org11,1900-01-01T00:00:00.000Z,,1.0,device-11-3600183,field_worker,org-11
state-2-u3600184@org11,1900-01-01T00:00:00.000Z,,1.0,device-11-3600184,field_worker,org-11
state-2-u3600185@org11,1900-01-01T00:00:00.000Z,,1.0,device-11-3600185,field_worker,org-11
state-2-u3600186@org11,1900-01-01T00:00:00.000Z,,1.0,device-11-3600186,field_worker,org-11
state-2-u3600187@org11,1900-01-01T00:00:00.000Z,,1.0,device-11-3600187,field_worker,org-11
state-2-u3600188@org11,1900-01-01T00:00:00.000Z,,1.0,device-11-3600188,field_worker,org-11
state-2-u3600189@org11,1900-01-01T00:00:00.000Z,,1.0,device-11-3600189,field_worker,org-11
state-2-u3600190@org11,1900-01-01T00:00:00.000Z,,1.0,device-11-3600190,field_worker,org-11
state-2-u3600191@org11,1900-01-01T00:00:00.000Z,,1.0,device-11-3600191,field_worker,org-11
state-2-u3600192@org11,1900-01-01T00:00:00.000Z,,1.0,device-11-3600192,field_worker,org-11
state-2-u3600193@org11,1900-01-01T00:00:00.000Z,,1.0,device-11-3600193,field_worker,org-11
state-2-u3600194@org11,1900-01-01T00:00:00.000Z,,1.0,device-11-3600194,field_worker,org-11
state-2-u3600195@org11,1900-01-01T00:00:00.000Z,,1.0,device-11-3600195,field_worker,org-11
state-2-u3600196@org11,1900-01-01T00:00:00.000Z,,1.0,device-11-3600196,field_worker,org-11
state-2-u3600197@org11,1900-01-01T00:00:00.000Z,,1.0,device-11-3600197,field_worker,org-11
state-2-u3600198@org11,1900-01-01T00:00:00.000Z,,1.0,device-11-3600198,field_worker,org-11
state-2-u3600199@org11,1900-01-01T00:00:00.000Z,,1.0,device-11-3600199,field_worker,org-11
state-2-u3600200@org11,1900-01-01T00:00:00.000Z,,1.0,device-11-3600200,field_worker,org-11
state-2-u3600201@org11,1900-01-01T00:00:00.000Z,,1.0,device-11-3600201,field_worker,org-11
state-2-u3600202@org11,1900-01-01T00:00:00.000Z,,1.0,device-11-3600202,field_worker,org-11
state-2-u3600203@org11,1900-01-01T00:00:00.000Z,,1.0,device-11-3600203,field_worker,org-11
state-2-u3600204@org11,1900-01-01T00:00:00.000Z,,1.0,device-11-3600204,field_worker,org-11
state-2-u3600205@org11,1900-01-01T00:00:00.000Z,,1.0,device-11-3600205,field_worker,org-11
state-2-u3600206@org11,1900-01-01T00:00:00.000Z,,1.0,device-11-3600206,field_worker,org-11
state-2-u3600207@org11,1900-01-01T00:00:00.000Z,,1.0,device-11-3600207,field_worker,org-11
state-2-u3600208@org11,1900-01-01T00:00:00.000Z,,1.0,device-11-3600208,field_worker,org-11
state-2-u3600209@org11,1900-01-01T00:00:00.000Z,,1.0,device-11-3600209,field_worker,org-11
state-2-u3600210@org11,1900-01-01T00:00:00.000Z,,1.0,device-11-3600210,field_worker,org-11
state-2-u3600211@org11,1900-01-01T00:00:00.000Z,,1.0,device-11-3600211,field_worker,org-11
state-2-u3600212@org11,1900-01-01T00:00:00.000Z,,1.0,device-11-3600212,field_worker,org-11
state-2-u3600213@org11,1900-01-01T00:00:00.000Z,,1.0,device-11-3600213,field_worker,org-11
state-2-u3600214@org11,1900-01-01T00:00:00.000Z,,1.0,device-11-3600214,field_worker,org-11
state-2-u3600215@org11,1900-01-01T00:00:00.000Z,,1.0,device-11-3600215,field_worker,org-11
state-2-u3600216@org11,1900-01-01T00:00:00.000Z,,1.0,device-11-3600216,field_worker,org-11
state-2-u3600217@org11,1900-01-01T00:00:00.000Z,,1.0,device-11-3600217,field_worker,org-11
state-2-u3600218@org11,1900-01-01T00:00:00.000Z,,1.0,device-11-3600218,field_worker,org-11
state-2-u3600219@org11,1900-01-01T00:00:00.000Z,,1.0,device-11-3600219,field_worker,org-11
state-2-u3600220@org11,1900-01-01T00:00:00.000Z,,1.0,device-11-3600220,field_worker,org-11
state-2-u3600221@org11,1900-01-01T00:00:00.000Z,,1.0,device-11-3600221,field_worker,org-11
state-2-u3600222@org11,1900-01-01T00:00:00.000Z,,1.0,device-11-3600222,field_worker,org-11
state-2-u3600223@org11,1900-01-01T00:00:00.000Z,,1.0,device-11-3600223,field_worker,org-11
state-2-u3600224@org11,1900-01-01T00:00:00.000Z,,1.0,device-11-3600224,field_worker,org-11
state-2-u3600225@org11,1900-01-01T00:00:00.000Z,,1.0,device-11-3600225,field_worker,org-11
state-2-u3600226@org11,1900-01-01T00:00:00.000Z,,1.0,device-11-3600226,field_worker,org-11
state-2-u3600227@org11,1900-01-01T00:00:00.000Z,,1.0,device-11-3600227,field_worker,org-11
state-2-u3600228@org11,1900-01-01T00:00:00.000Z,,1.0,device-11-3600228,field_worker,org-11
state-2-u3600229@org11,1900-01-01T00:00:00.000Z,,1.0,device-11-3600229,field_worker,org-11
state-2-u3600230@org11,1900-01-01T00:00:00.000Z,,1.0,device-11-3600230,field_worker,org-11
state-2-u3600231@org11,1900-01-01T00:00:00.000Z,,1.0,device-11-3600231,field_worker,org-11
state-2-u3600232@org11,1900-01-01T00:00:00.000Z,,1.0,device-11-3600232,field_worker,org-11
state-2-u3600233@org11,1900-01-01T00:00:00.000Z,,1.0,device-11-3600233,field_worker,org-11
state-2-u3600234@org11,1900-01-01T00:00:00.000Z,,1.0,device-11-3600234,field_worker,org-11
state-2-u3600235@org11,1900-01-01T00:00:00.000Z,,1.0,device-11-3600235,field_worker,org-11
state-2-u3600236@org11,1900-01-01T00:00:00.000Z,,1.0,device-11-3600236,field_worker,org-11
state-2-u3600237@org11,1900-01-01T00:00:00.000Z,,1.0,device-11-3600237,field_worker,org-11
state-2-u3600238@org11,1900-01-01T00:00:00.000Z,,1.0,device-11-3600238,field_worker,org-11
state-2-u3600239@org11,1900-01-01T00:00:00.000Z,,1.0,device-11-3600239,field_worker,org-11
state-2-u3600240@org11,1900-01-01T00:00:00.000Z,,1.0,device-11-3600240,field_worker,org-11
state-2-u3600241@org11,1900-01-01T00:00:00.000Z,,1.0,device-11-3600241,field_worker,org-11
state-2-u3600242@org11,1900-01-01T00:00:00.000Z,,1.0,device-11-3600242,field_worker,org-11
state-2-u3600243@org11,1900-01-01T00:00:00.000Z,,1.0,device-11-3600243,field_worker,org-11
state-2-u3600244@org11,1900-01-01T00:00:00.000Z,,1.0,device-11-3600244,field_worker,org-11
state-2-u3600245@org11,1900-01-01T00:00:00.000Z,,1.0,device-11-3600245,field_worker,org-11
state-2-u3600246@org11,1900-01-01T00:00:00.000Z,,1.0,device-11-3600246,field_worker,org-11
state-2-u3600247@org11,1900-01-01T00:00:00.000Z,,1.0,device-11-3600247,field_worker,org-11
state-2-u3600248@org11,1900-01-01T00:00:00.000Z,,1.0,device-11-3600248,field_worker,org-11
state-2-u3600249@org11,1900-01-01T00:00:00.000Z,,1.0,device-11-3600249,field_worker,org-11
state-2-u3600250@org11,1900-01-01T00:00:00.000Z,,1.0,device-11-3600250,field_worker,org-11
state-2-u3600251@org11,1900-01-01T00:00:00.000Z,,1.0,device-11-3600251,field_worker,org-11
state-2-u3600252@org11,1900-01-01T00:00:00.000Z,,1.0,device-11-3600252,field_worker,org-11
state-2-u3600253@org11,1900-01-01T00:00:00.000Z,,1.0,device-11-3600253,field_worker,org-11
state-2-u3600254@org11,1900-01-01T00:00:00.000Z,,1.0,device-11-3600254,field_worker,org-11
state-2-u3600255@org11,1900-01-01T00:00:00.000Z,,1.0,device-11-3600255,field_worker,org-11
state-2-u3600256@org11,1900-01-01T00:00:00.000Z,,1.0,device-11-3600256,field_worker,org-11
state-2-u3600257@org11,1900-01-01T00:00:00.000Z,,1.0,device-11-3600257,field_worker,org-11
state-2-u3600258@org11,1900-01-01T00:00:00.000Z,,1.0,device-11-3600258,field_worker,org-11
state-2-u3600259@org11,1900-01-01T00:00:00.000Z,,1.0,device-11-3600259,field_worker,org-11
state-2-u3600260@org11,1900-01-01T00:00:00.000Z,,1.0,device-11-3600260,field_worker,org-11
state-2-u3600261@org11,1900-01-01T00:00:00.000Z,,1.0,device-11-3600261,field_worker,org-11
state-2-u3600262@org11,1900-01-01T00:00:00.000Z,,1.0,device-11-3600262,field_worker,org-11
state-2-u3600263@org11,1900-01-01T00:00:00.000Z,,1.0,device-11-3600263,field_worker,org-11
state-2-u3600264@org11,1900-01-01T00:00:00.000Z,,1.0,device-11-3600264,field_worker,org-11
state-2-u3600265@org11,1900-01-01T00:00:00.000Z,,1.0,device-11-3600265,field_worker,org-11
state-2-u3600266@org11,1900-01-01T00:00:00.000Z,,1.0,device-11-3600266,field_worker,org-11
state-2-u3600267@org11,1900-01-01T00:00:00.000Z,,1.0,device-11-3600267,field_worker,org-11
state-2-u3600268@org11,1900-01-01T00:00:00.000Z,,1.0,device-11-3600268,field_worker,org-11
state-2-u3600269@org11,1900-01-01T00:00:00.000Z,,1.0,device-11-3600269,field_worker,org-11
state-2-u3600270@org11,1900-01-01T00:00:00.000Z,,1.0,device-11-3600270,field_worker,org-11
state-2-u3600271@org11,1900-01-01T00:00:00.000Z,,1.0,device-11-3600271,field_worker,org-11
state-2-u3600272@org11,1900-01-01T00:00:00.000Z,,1.0,device-11-3600272,field_worker,org-11
state-2-u3600273@org11,1900-01-01T00:00:00.000Z,,1.0,device-11-3600273,field_worker,org-11
state-2-u3600274@org11,1900-01-01T00:00:00.000Z,,1.0,device-11-3600274,field_worker,org-11
state-2-u3600275@org11,1900-01-01T00:00:00.000Z,,1.0,device-11-3600275,field_worker,org-11
state-2-u3600276@org11,1900-01-01T00:00:00.000Z,,1.0,device-11-3600276,field_worker,org-11
state-2-u3600277@org11,1900-01-01T00:00:00.000Z,,1.0,device-11-3600277,field_worker,org-11
state-2-u3600278@org11,1900-01-01T00:00:00.000Z,,1.0,device-11-3600278,field_worker,org-11
state-2-u3600279@org11,1900-01-01T00:00:00.000Z,,1.0,device-11-3600279,field_worker,org-11
state-2-u3600280@org11,1900-01-01T00:00:00.000Z,,1.0,device-11-3600280,field_worker,org-11
state-2-u3600281@org11,1900-01-01T00:00:00.000Z,,1.0,device-11-3600281,field_worker,org-11
state-2-u3600282@org11,1900-01-01T00:00:00.000Z,,1.0,device-11-3600282,field_worker,org-11
state-2-u3600283@org11,1900-01-01T00:00:00.000Z,,1.0,device-11-3600283,field_worker,org-11
state-2-u3600284@org11,1900-01-01T00:00:00.000Z,,1.0,device-11-3600284,field_worker,org-11
state-2-u3600285@org11,1900-01-01T00:00:00.000Z,,1.0,device-11-3600285,field_worker,org-11
state-2-u3600286@org11,1900-01-01T00:00:00.000Z,,1.0,device-11-3600286,field_worker,org-11
state-2-u3600287@org11,1900-01-01T00:00:00.000Z,,1.0,device-11-3600287,field_worker,org-11
state-2-u3600288@org11,1900-01-01T00:00:00.000Z,,1.0,device-11-3600288,field_worker,org-11
state-2-u3600289@org11,1900-01-01T00:00:00.000Z,,1.0,device-11-3600289,field_worker,org-11
state-2-u3600290@org11,1900-01-01T00:00:00.000Z,,1.0,device-11-3600290,field_worker,org-11
state-2-u3600291@org11,1900-01-01T00:00:00.000Z,,1.0,device-11-3600291,field_worker,org-11
state-2-u3600292@org11,1900-01-01T00:00:00.000Z,,1.0,device-11-3600292,field_worker,org-11
state-2-u3600293@org11,1900-01-01T00:00:00.000Z,,1.0,device-11-3600293,field_worker,org-11
state-2-u3600294@org11,1900-01-01T00:00:00.000Z,,1.0,device-11-3600294,field_worker,org-11
state-2-u3600295@org11,1900-01-01T00:00:00.000Z,,1.0,device-11-3600295,field_worker,org-11
state-2-u3600296@org11,1900-01-01T00:00:00.000Z,,1.0,device-11-3600296,field_worker,org-11
state-2-u3600297@org11,1900-01-01T00:00:00.000Z,,1.0,device-11-3600297,field_worker,org-11
state-2-u3600298@org11,1900-01-01T00:00:00.000Z,,1.0,device-11-3600298,field_worker,org-11
state-2-u3600299@org11,1900-01-01T00:00:00.000Z,,1.0,device-11-3600299,field_worker,org-11
state-2-u3600300@org11,1900-01-01T00:00:00.000Z,,1.0,device-11-3600300,field_worker,org-11
state-2-u3600301@org11,1900-01-01T00:00:00.000Z,,1.0,device-11-3600301,field_worker,org-11
state-2-u3600302@org11,1900-01-01T00:00:00.000Z,,1.0,device-11-3600302,field_worker,org-11
state-2-u3600303@org11,1900-01-01T00:00:00.000Z,,1.0,device-11-3600303,field_worker,org-11
state-2-u3600304@org11,1900-01-01T00:00:00.000Z,,1.0,device-11-3600304,field_worker,org-11
state-2-u3600305@org11,1900-01-01T00:00:00.000Z,,1.0,device-11-3600305,field_worker,org-11
state-2-u3600306@org11,1900-01-01T00:00:00.000Z,,1.0,device-11-3600306,field_worker,org-11
state-2-u3600307@org11,1900-01-01T00:00:00.000Z,,1.0,device-11-3600307,field_worker,org-11
state-2-u3600308@org11,1900-01-01T00:00:00.000Z,,1.0,device-11-3600308,field_worker,org-11
state-2-u3600309@org11,1900-01-01T00:00:00.000Z,,1.0,device-11-3600309,field_worker,org-11
state-2-u3600310@org11,1900-01-01T00:00:00.000Z,,1.0,device-11-3600310,field_worker,org-11
state-2-u3600311@org11,1900-01-01T00:00:00.000Z,,1.0,device-11-3600311,field_worker,org-11
state-2-u3600312@org11,1900-01-01T00:00:00.000Z,,1.0,device-11-3600312,field_worker,org-11
state-2-u3600313@org11,1900-01-01T00:00:00.000Z,,1.0,device-11-3600313,field_worker,org-11
state-2-u3600314@org11,1900-01-01T00:00:00.000Z,,1.0,device-11-3600314,field_worker,org-11
state-2-u3600315@org11,1900-01-01T00:00:00.000Z,,1.0,device-11-3600315,field_worker,org-11
state-2-u3600316@org11,1900-01-01T00:00:00.000Z,,1.0,device-11-3600316,field_worker,org-11
state-2-u3600317@org11,1900-01-01T00:00:00.000Z,,1.0,device-11-3600317,field_worker,org-11
state-2-u3600318@org11,1900-01-01T00:00:00.000Z,,1.0,device-11-3600318,field_worker,org-11
state-2-u3600319@org11,1900-01-01T00:00:00.000Z,,1.0,device-11-3600319,field_worker,org-11
state-2-u3600320@org11,1900-01-01T00:00:00.000Z,,1.0,device-11-3600320,field_worker,org-11
state-2-u3600321@org11,1900-01-01T00:00:00.000Z,,1.0,device-11-3600321,field_worker,org-11
state-2-u3600322@org11,1900-01-01T00:00:00.000Z,,1.0,device-11-3600322,field_worker,org-11
state-2-u3600323@org11,1900-01-01T00:00:00.000Z,,1.0,device-11-3600323,field_worker,org-11
state-2-u3600324@org11,1900-01-01T00:00:00.000Z,,1.0,device-11-3600324,field_worker,org-11
state-2-u3600325@org11,1900-01-01T00:00:00.000Z,,1.0,device-11-3600325,field_worker,org-11
state-2-u3600326@org11,1900-01-01T00:00:00.000Z,,1.0,device-11-3600326,field_worker,org-11
state-2-u3600327@org11,1900-01-01T00:00:00.000Z,,1.0,device-11-3600327,field_worker,org-11
state-2-u3600328@org11,1900-01-01T00:00:00.000Z,,1.0,device-11-3600328,field_worker,org-11
state-2-u3600329@org11,1900-01-01T00:00:00.000Z,,1.0,device-11-3600329,field_worker,org-11
state-2-u3600330@org11,1900-01-01T00:00:00.000Z,,1.0,device-11-3600330,field_worker,org-11
state-2-u3600331@org11,1900-01-01T00:00:00.000Z,,1.0,device-11-3600331,field_worker,org-11
state-2-u3600332@org11,1900-01-01T00:00:00.000Z,,1.0,device-11-3600332,field_worker,org-11
state-2-u3600333@org11,1900-01-01T00:00:00.000Z,,1.0,device-11-3600333,field_worker,org-11
state-2-u3600334@org11,1900-01-01T00:00:00.000Z,,1.0,device-11-3600334,field_worker,org-11
state-2-u3600335@org11,1900-01-01T00:00:00.000Z,,1.0,device-11-3600335,field_worker,org-11
state-2-u3600336@org11,1900-01-01T00:00:00.000Z,,1.0,device-11-3600336,field_worker,org-11
state-2-u3600337@org11,1900-01-01T00:00:00.000Z,,1.0,device-11-3600337,field_worker,org-11
state-2-u3600338@org11,1900-01-01T00:00:00.000Z,,1.0,device-11-3600338,field_worker,org-11
state-2-u3600339@org11,1900-01-01T00:00:00.000Z,,1.0,device-11-3600339,field_worker,org-11
state-2-u3600340@org11,1900-01-01T00:00:00.000Z,,1.0,device-11-3600340,field_worker,org-11
state-2-u3600341@org11,1900-01-01T00:00:00.000Z,,1.0,device-11-3600341,field_worker,org-11
state-2-u3600342@org11,1900-01-01T00:00:00.000Z,,1.0,device-11-3600342,field_worker,org-11
state-2-u3600343@org11,1900-01-01T00:00:00.000Z,,1.0,device-11-3600343,field_worker,org-11
state-2-u3600344@org11,1900-01-01T00:00:00.000Z,,1.0,device-11-3600344,field_worker,org-11
state-2-u3600345@org11,1900-01-01T00:00:00.000Z,,1.0,device-11-3600345,field_worker,org-11
state-2-u3600346@org11,1900-01-01T00:00:00.000Z,,1.0,device-11-3600346,field_worker,org-11
state-2-u3600347@org11,1900-01-01T00:00:00.000Z,,1.0,device-11-3600347,field_worker,org-11
state-2-u3600348@org11,1900-01-01T00:00:00.000Z,,1.0,device-11-3600348,field_worker,org-11
state-2-u3600349@org11,1900-01-01T00:00:00.000Z,,1.0,device-11-3600349,field_worker,org-11
state-2-u3600350@org11,1900-01-01T00:00:00.000Z,,1.0,device-11-3600350,field_worker,org-11
state-2-u3600351@org11,1900-01-01T00:00:00.000Z,,1.0,device-11-3600351,field_worker,org-11
state-2-u3600352@org11,1900-01-01T00:00:00.000Z,,1.0,device-11-3600352,field_worker,org-11
state-2-u3600353@org11,1900-01-01T00:00:00.000Z,,1.0,device-11-3600353,field_worker,org-11
state-2-u3600354@org11,1900-01-01T00:00:00.000Z,,1.0,device-11-3600354,field_worker,org-11
state-2-u3600355@org11,1900-01-01T00:00:00.000Z,,1.0,device-11-3600355,field_worker,org-11
state-2-u3600356@org11,1900-01-01T00:00:00.000Z,,1.0,device-11-3600356,field_worker,org-11
state-2-u3600357@org11,1900-01-01T00:00:00.000Z,,1.0,device-11-3600357,field_worker,org-11
state-2-u3600358@org11,1900-01-01T00:00:00.000Z,,1.0,device-11-3600358,field_worker,org-11
state-2-u3600359@org11,1900-01-01T00:00:00.000Z,,1.0,device-11-3600359,field_worker,org-11
state-2-u3600360@org11,1900-01-01T00:00:00.000Z,,1.0,device-11-3600360,field_worker,org-11
state-2-u3600361@org11,1900-01-01T00:00:00.000Z,,1.0,device-11-3600361,field_worker,org-11
state-2-u3600362@org11,1900-01-01T00:00:00.000Z,,1.0,device-11-3600362,field_worker,org-11
state-2-u3600363@org11,1900-01-01T00:00:00.000Z,,1.0,device-11-3600363,field_worker,org-11
state-2-u3600364@org11,1900-01-01T00:00:00.000Z,,1.0,device-11-3600364,field_worker,org-11
state-2-u3600365@org11,1900-01-01T00:00:00.000Z,,1.0,device-11-3600365,field_worker,org-11
state-2-u3600366@org11,1900-01-01T00:00:00.000Z,,1.0,device-11-3600366,field_worker,org-11
state-2-u3600367@org11,1900-01-01T00:00:00.000Z,,1.0,device-11-3600367,field_worker,org-11
state-2-u3600368@org11,1900-01-01T00:00:00.000Z,,1.0,device-11-3600368,field_worker,org-11
state-2-u3600369@org11,1900-01-01T00:00:00.000Z,,1.0,device-11-3600369,field_worker,org-11
state-2-u3600370@org11,1900-01-01T00:00:00.000Z,,1.0,device-11-3600370,field_worker,org-11
state-2-u3600371@org11,1900-01-01T00:00:00.000Z,,1.0,device-11-3600371,field_worker,org-11
state-2-u3600372@org11,1900-01-01T00:00:00.000Z,,1.0,device-11-3600372,field_worker,org-11
state-2-u3600373@org11,1900-01-01T00:00:00.000Z,,1.0,device-11-3600373,field_worker,org-11
state-2-u3600374@org11,1900-01-01T00:00:00.000Z,,1.0,device-11-3600374,field_worker,org-11
state-2-u3600375@org11,1900-01-01T00:00:00.000Z,,1.0,device-11-3600375,field_worker,org-11
state-2-u3600376@org11,1900-01-01T00:00:00.000Z,,1.0,device-11-3600376,field_worker,org-11
state-2-u3600377@org11,1900-01-01T00:00:00.000Z,,1.0,device-11-3600377,field_worker,org-11
state-2-u3600378@org11,1900-01-01T00:00:00.000Z,,1.0,device-11-3600378,field_worker,org-11
state-2-u3600379@org11,1900-01-01T00:00:00.000Z,,1.0,device-11-3600379,field_worker,org-11
state-2-u3600380@org11,1900-01-01T00:00:00.000Z,,1.0,device-11-3600380,field_worker,org-11
state-2-u3600381@org11,1900-01-01T00:00:00.000Z,,1.0,device-11-3600381,field_worker,org-11
state-2-u3600382@org11,1900-01-01T00:00:00.000Z,,1.0,device-11-3600382,field_worker,org-11
state-2-u3600383@org11,1900-01-01T00:00:00.000Z,,1.0,device-11-3600383,field_worker,org-11
state-2-u3600384@org11,1900-01-01T00:00:00.000Z,,1.0,device-11-3600384,field_worker,org-11
state-2-u3600385@org11,1900-01-01T00:00:00.000Z,,1.0,device-11-3600385,field_worker,org-11
state-2-u3600386@org11,1900-01-01T00:00:00.000Z,,1.0,device-11-3600386,field_worker,org-11
state-2-u3600387@org11,1900-01-01T00:00:00.000Z,,1.0,device-11-3600387,field_worker,org-11
state-2-u3600388@org11,1900-01-01T00:00:00.000Z,,1.0,device-11-3600388,field_worker,org-11
state-2-u3600389@org11,1900-01-01T00:00:00.000Z,,1.0,device-11-3600389,field_worker,org-11
state-2-u3600390@org11,1900-01-01T00:00:00.000Z,,1.0,device-11-3600390,field_worker,org-11
state-2-u3600391@org11,1900-01-01T00:00:00.000Z,,1.0,device-11-3600391,field_worker,org-11
state-2-u3600392@org11,1900-01-01T00:00:00.000Z,,1.0,device-11-3600392,field_worker,org-11
state-2-u3600393@org11,1900-01-01T00:00:00.000Z,,1.0,device-11-3600393,field_worker,org-11
state-2-u3600394@org11,1900-01-01T00:00:00.000Z,,1.0,device-11-3600394,field_worker,org-11
state-2-u3600395@org11,1900-01-01T00:00:00.000Z,,1.0,device-11-3600395,field_worker,org-11
state-2-u3600396@org11,1900-01-01T00:00:00.000Z,,1.0,device-11-3600396,field_worker,org-11
state-2-u3600397@org11,1900-01-01T00:00:00.000Z,,1.0,device-11-3600397,field_worker,org-11
state-2-u3600398@org11,1900-01-01T00:00:00.000Z,,1.0,device-11-3600398,field_worker,org-11
state-2-u3600399@org11,1900-01-01T00:00:00.000Z,,1.0,device-11-3600399,field_worker,org-11
state-2-u3600400@org11,1900-01-01T00:00:00.000Z,,1.0,device-11-3600400,field_worker,org-11
state-2-u3600401@org11,1900-01-01T00:00:00.000Z,,1.0,device-11-3600401,field_worker,org-11
state-2-u3600402@org11,1900-01-01T00:00:00.000Z,,1.0,device-11-3600402,field_worker,org-11
state-2-u3600403@org11,1900-01-01T00:00:00.000Z,,1.0,device-11-3600403,field_worker,org-11
state-2-u3600404@org11,1900-01-01T00:00:00.000Z,,1.0,device-11-3600404,field_worker,org-11
state-2-u3600405@org11,1900-01-01T00:00:00.000Z,,1.0,device-11-3600405,field_worker,org-11
state-2-u3600406@org11,1900-01-01T00:00:00.000Z,,1.0,device-11-3600406,field_worker,org-11
state-2-u3600407@org11,1900-01-01T00:00:00.000Z,,1.0,device-11-3600407,field_worker,org-11
state-2-u3600408@org11,1900-01-01T00:00:00.000Z,,1.0,device-11-3600408,field_worker,org-11
state-2-u3600409@org11,1900-01-01T00:00:00.000Z,,1.0,device-11-3600409,field_worker,org-11
state-2-u3600410@org11,1900-01-01T00:00:00.000Z,,1.0,device-11-3600410,field_worker,org-11
state-2-u3600411@org11,1900-01-01T00:00:00.000Z,,1.0,device-11-3600411,field_worker,org-11
state-2-u3600412@org11,1900-01-01T00:00:00.000Z,,1.0,device-11-3600412,field_worker,org-11
state-2-u3600413@org11,1900-01-01T00:00:00.000Z,,1.0,device-11-3600413,field_worker,org-11
state-2-u3600414@org11,1900-01-01T00:00:00.000Z,,1.0,device-11-3600414,field_worker,org-11
state-2-u3600415@org11,1900-01-01T00:00:00.000Z,,1.0,device-11-3600415,field_worker,org-11
state-2-u3600416@org11,1900-01-01T00:00:00.000Z,,1.0,device-11-3600416,field_worker,org-11
state-2-u3600417@org11,1900-01-01T00:00:00.000Z,,1.0,device-11-3600417,field_worker,org-11
state-2-u3600418@org11,1900-01-01T00:00:00.000Z,,1.0,device-11-3600418,field_worker,org-11
state-2-u3600419@org11,1900-01-01T00:00:00.000Z,,1.0,device-11-3600419,field_worker,org-11
state-2-u3600420@org11,1900-01-01T00:00:00.000Z,,1.0,device-11-3600420,field_worker,org-11
state-2-u3600421@org11,1900-01-01T00:00:00.000Z,,1.0,device-11-3600421,field_worker,org-11
state-2-u3600422@org11,1900-01-01T00:00:00.000Z,,1.0,device-11-3600422,field_worker,org-11
state-2-u3600423@org11,1900-01-01T00:00:00.000Z,,1.0,device-11-3600423,field_worker,org-11
state-2-u3600424@org11,1900-01-01T00:00:00.000Z,,1.0,device-11-3600424,field_worker,org-11
state-2-u3600425@org11,1900-01-01T00:00:00.000Z,,1.0,device-11-3600425,field_worker,org-11
state-2-u3600426@org11,1900-01-01T00:00:00.000Z,,1.0,device-11-3600426,field_worker,org-11
state-2-u3600427@org11,1900-01-01T00:00:00.000Z,,1.0,device-11-3600427,field_worker,org-11
state-2-u3600428@org11,1900-01-01T00:00:00.000Z,,1.0,device-11-3600428,field_worker,org-11
state-2-u3600429@org11,1900-01-01T00:00:00.000Z,,1.0,device-11-3600429,field_worker,org-11
state-2-u3600430@org11,1900-01-01T00:00:00.000Z,,1.0,device-11-3600430,field_worker,org-11
state-2-u3600431@org11,1900-01-01T00:00:00.000Z,,1.0,device-11-3600431,field_worker,org-11
state-2-u3600432@org11,1900-01-01T00:00:00.000Z,,1.0,device-11-3600432,field_worker,org-11
state-2-u3600433@org11,1900-01-01T00:00:00.000Z,,1.0,device-11-3600433,field_worker,org-11
state-2-u3600434@org11,1900-01-01T00:00:00.000Z,,1.0,device-11-3600434,field_worker,org-11
state-2-u3600435@org11,1900-01-01T00:00:00.000Z,,1.0,device-11-3600435,field_worker,org-11
state-2-u3600436@org11,1900-01-01T00:00:00.000Z,,1.0,device-11-3600436,field_worker,org-11
state-2-u3600437@org11,1900-01-01T00:00:00.000Z,,1.0,device-11-3600437,field_worker,org-11
state-2-u3600438@org11,1900-01-01T00:00:00.000Z,,1.0,device-11-3600438,field_worker,org-11
state-2-u3600439@org11,1900-01-01T00:00:00.000Z,,1.0,device-11-3600439,field_worker,org-11
state-2-u3600440@org11,1900-01-01T00:00:00.000Z,,1.0,device-11-3600440,field_worker,org-11
state-2-u3600441@org11,1900-01-01T00:00:00.000Z,,1.0,device-11-3600441,field_worker,org-11
state-2-u3600442@org11,1900-01-01T00:00:00.000Z,,1.0,device-11-3600442,field_worker,org-11
state-2-u3600443@org11,1900-01-01T00:00:00.000Z,,1.0,device-11-3600443,field_worker,org-11
state-2-u3600444@org11,1900-01-01T00:00:00.000Z,,1.0,device-11-3600444,field_worker,org-11
state-2-u3600445@org11,1900-01-01T00:00:00.000Z,,1.0,device-11-3600445,field_worker,org-11
state-2-u3600446@org11,1900-01-01T00:00:00.000Z,,1.0,device-11-3600446,field_worker,org-11
state-2-u3600447@org11,1900-01-01T00:00:00.000Z,,1.0,device-11-3600447,field_worker,org-11
state-2-u3600448@org11,1900-01-01T00:00:00.000Z,,1.0,device-11-3600448,field_worker,org-11
state-2-u3600449@org11,1900-01-01T00:00:00.000Z,,1.0,device-11-3600449,field_worker,org-11
state-2-u3600450@org11,1900-01-01T00:00:00.000Z,,1.0,device-11-3600450,field_worker,org-11
state-2-u3600451@org11,1900-01-01T00:00:00.000Z,,1.0,device-11-3600451,field_worker,org-11
state-2-u3600452@org11,1900-01-01T00:00:00.000Z,,1.0,device-11-3600452,field_worker,org-11
state-2-u3600453@org11,1900-01-01T00:00:00.000Z,,1.0,device-11-3600453,field_worker,org-11
state-2-u3600454@org11,1900-01-01T00:00:00.000Z,,1.0,device-11-3600454,field_worker,org-11
state-2-u3600455@org11,1900-01-01T00:00:00.000Z,,1.0,device-11-3600455,field_worker,org-11
state-2-u3600456@org11,1900-01-01T00:00:00.000Z,,1.0,device-11-3600456,field_worker,org-11
state-2-u3600457@org11,1900-01-01T00:00:00.000Z,,1.0,device-11-3600457,field_worker,org-11
state-2-u3600458@org11,1900-01-01T00:00:00.000Z,,1.0,device-11-3600458,field_worker,org-11
state-2-u3600459@org11,1900-01-01T00:00:00.000Z,,1.0,device-11-3600459,field_worker,org-11
state-2-u3600460@org11,1900-01-01T00:00:00.000Z,,1.0,device-11-3600460,field_worker,org-11
state-2-u3600461@org11,1900-01-01T00:00:00.000Z,,1.0,device-11-3600461,field_worker,org-11
state-2-u3600462@org11,1900-01-01T00:00:00.000Z,,1.0,device-11-3600462,field_worker,org-11
state-2-u3600463@org11,1900-01-01T00:00:00.000Z,,1.0,device-11-3600463,field_worker,org-11
state-2-u3600464@org11,1900-01-01T00:00:00.000Z,,1.0,device-11-3600464,field_worker,org-11
state-2-u3600465@org11,1900-01-01T00:00:00.000Z,,1.0,device-11-3600465,field_worker,org-11
state-2-u3600466@org11,1900-01-01T00:00:00.000Z,,1.0,device-11-3600466,field_worker,org-11
state-2-u3600467@org11,1900-01-01T00:00:00.000Z,,1.0,device-11-3600467,field_worker,org-11
state-2-u3600468@org11,1900-01-01T00:00:00.000Z,,1.0,device-11-3600468,field_worker,org-11
state-2-u3600469@org11,1900-01-01T00:00:00.000Z,,1.0,device-11-3600469,field_worker,org-11
state-2-u3600470@org11,1900-01-01T00:00:00.000Z,,1.0,device-11-3600470,field_worker,org-11
state-2-u3600471@org11,1900-01-01T00:00:00.000Z,,1.0,device-11-3600471,field_worker,org-11
state-2-u3600472@org11,1900-01-01T00:00:00.000Z,,1.0,device-11-3600472,field_worker,org-11
state-2-u3600473@org11,1900-01-01T00:00:00.000Z,,1.0,device-11-3600473,field_worker,org-11
state-2-u3600474@org11,1900-01-01T00:00:00.000Z,,1.0,device-11-3600474,field_worker,org-11
state-2-u3600475@org11,1900-01-01T00:00:00.000Z,,1.0,device-11-3600475,field_worker,org-11
state-2-u3600476@org11,1900-01-01T00:00:00.000Z,,1.0,device-11-3600476,field_worker,org-11
state-2-u3600477@org11,1900-01-01T00:00:00.000Z,,1.0,device-11-3600477,field_worker,org-11
state-2-u3600478@org11,1900-01-01T00:00:00.000Z,,1.0,device-11-3600478,field_worker,org-11
state-2-u3600479@org11,1900-01-01T00:00:00.000Z,,1.0,device-11-3600479,field_worker,org-11
state-2-u3600480@org11,1900-01-01T00:00:00.000Z,,1.0,device-11-3600480,field_worker,org-11
state-2-u3600481@org11,1900-01-01T00:00:00.000Z,,1.0,device-11-3600481,field_worker,org-11
state-2-u3600482@org11,1900-01-01T00:00:00.000Z,,1.0,device-11-3600482,field_worker,org-11
state-2-u3600483@org11,1900-01-01T00:00:00.000Z,,1.0,device-11-3600483,field_worker,org-11
state-2-u3600484@org11,1900-01-01T00:00:00.000Z,,1.0,device-11-3600484,field_worker,org-11
state-2-u3600485@org11,1900-01-01T00:00:00.000Z,,1.0,device-11-3600485,field_worker,org-11
state-2-u3600486@org11,1900-01-01T00:00:00.000Z,,1.0,device-11-3600486,field_worker,org-11
state-2-u3600487@org11,1900-01-01T00:00:00.000Z,,1.0,device-11-3600487,field_worker,org-11
state-2-u3600488@org11,1900-01-01T00:00:00.000Z,,1.0,device-11-3600488,field_worker,org-11
state-2-u3600489@org11,1900-01-01T00:00:00.000Z,,1.0,device-11-3600489,field_worker,org-11
state-2-u3600490@org11,1900-01-01T00:00:00.000Z,,1.0,device-11-3600490,field_worker,org-11
state-2-u3600491@org11,1900-01-01T00:00:00.000Z,,1.0,device-11-3600491,field_worker,org-11
state-2-u3600492@org11,1900-01-01T00:00:00.000Z,,1.0,device-11-3600492,field_worker,org-11
state-2-u3600493@org11,1900-01-01T00:00:00.000Z,,1.0,device-11-3600493,field_worker,org-11
state-2-u3600494@org11,1900-01-01T00:00:00.000Z,,1.0,device-11-3600494,field_worker,org-11
state-2-u3600495@org11,1900-01-01T00:00:00.000Z,,1.0,device-11-3600495,field_worker,org-11
state-2-u3600496@org11,1900-01-01T00:00:00.000Z,,1.0,device-11-3600496,field_worker,org-11
state-2-u3600497@org11,1900-01-01T00:00:00.000Z,,1.0,device-11-3600497,field_worker,org-11
state-2-u3600498@org11,1900-01-01T00:00:00.000Z,,1.0,device-11-3600498,field_worker,org-11
state-2-u3600499@org11,1900-01-01T00:00:00.000Z,,1.0,device-11-3600499,field_worker,org-11
state-2-u3600500@org11,1900-01-01T00:00:00.000Z,,1.0,device-11-3600500,field_worker,org-11
state-2-u3600501@org11,1900-01-01T00:00:00.000Z,,1.0,device-11-3600501,field_worker,org-11
state-2-u3600502@org11,1900-01-01T00:00:00.000Z,,1.0,device-11-3600502,supervisor,org-11
state-2-u3600503@org11,1900-01-01T00:00:00.000Z,,1.0,device-11-3600503,supervisor,org-11
state-2-u3600504@org11,1900-01-01T00:00:00.000Z,,1.0,device-11-3600504,supervisor,org-11
state-2-u3600505@org11,1900-01-01T00:00:00.000Z,,1.0,device-11-3600505,supervisor,org-11
state-2-u3600506@org11,1900-01-01T00:00:00.000Z,,1.0,device-11-3600506,supervisor,org-11
state-2-u3600507@org11,1900-01-01T00:00:00.000Z,,1.0,device-11-3600507,supervisor,org-11
state-2-u3600508@org11,1900-01-01T00:00:00.000Z,,1.0,device-11-3600508,supervisor,org-11
state-2-u3600509@org11,1900-01-01T00:00:00.000Z,,1.0,device-11-3600509,supervisor,org-11
state-2-u3600510@org11,1900-01-01T00:00:00.000Z,,1.0,device-11-3600510,supervisor,org-11
state-2-u3600511@org11,1900-01-01T00:00:00.000Z,,1.0,device-11-3600511,supervisor,org-11
state-2-u3600512@org11,1900-01-01T00:00:00.000Z,,1.0,device-11-3600512,supervisor,org-11
state-2-u3600513@org11,1900-01-01T00:00:00.000Z,,1.0,device-11-3600513,supervisor,org-11
state-2-u3600514@org11,1900-01-01T00:00:00.000Z,,1.0,device-11-3600514,supervisor,org-11
state-2-u3600515@org11,1900-01-01T00:00:00.000Z,,1.0,device-11-3600515,supervisor,org-11
state-2-u3600516@org11,1900-01-01T00:00:00.000Z,,1.0,device-11-3600516,supervisor,org-11
state-2-u3600517@org11,1900-01-01T00:00:00.000Z,,1.0,device-11-3600517,supervisor,org-11
state-2-u3600518@org11,1900-01-01T00:00:00.000Z,,1.0,device-11-3600518,supervisor,org-11
state-2-u3600519@org11,1900-01-01T00:00:00.000Z,,1.0,device-11-3600519,supervisor,org-11
state-2-u3600520@org11,1900-01-01T00:00:00.000Z,,1.0,device-11-3600520,supervisor,org-11
state-2-u3600521@org11,1900-01-01T00:00:00.000Z,,1.0,device-11-3600521,supervisor,org-11
state-2-u3600522@org11,1900-01-01T00:00:00.000Z,,1.0,device-11-3600522,supervisor,org-11
state-2-u3600523@org11,1900-01-01T00:00:00.000Z,,1.0,device-11-3600523,supervisor,org-11
state-2-u3600524@org11,1900-01-01T00:00:00.000Z,,1.0,device-11-3600524,supervisor,org-11
state-2-u3600525@org11,1900-01-01T00:00:00.000Z,,1.0,device-11-3600525,supervisor,org-11
state-2-u3600526@org11,1900-01-01T00:00:00.000Z,,1.0,device-11-3600526,supervisor,org-11
ngo-1-u7200001@org12,1900-01-01T00:00:00.000Z,,1.0,device-12-7200001,field_worker,org-12
ngo-1-u7200002@org12,1900-01-01T00:00:00.000Z,,1.0,device-12-7200002,field_worker,org-12
ngo-1-u7200003@org12,1900-01-01T00:00:00.000Z,,1.0,device-12-7200003,field_worker,org-12
ngo-1-u7200004@org12,1900-01-01T00:00:00.000Z,,1.0,device-12-7200004,field_worker,org-12
ngo-1-u7200005@org12,1900-01-01T00:00:00.000Z,,1.0,device-12-7200005,field_worker,org-12
ngo-1-u7200006@org12,1900-01-01T00:00:00.000Z,,1.0,device-12-7200006,field_worker,org-12
ngo-1-u7200007@org12,1900-01-01T00:00:00.000Z,,1.0,device-12-7200007,field_worker,org-12
ngo-1-u7200008@org12,1900-01-01T00:00:00.000Z,,1.0,device-12-7200008,field_worker,org-12
ngo-1-u7200009@org12,1900-01-01T00:00:00.000Z,,1.0,device-12-7200009,field_worker,org-12
ngo-1-u7200010@org12,1900-01-01T00:00:00.000Z,,1.0,device-12-7200010,field_worker,org-12
ngo-1-u7200011@org12,1900-01-01T00:00:00.000Z,,1.0,device-12-7200011,field_worker,org-12
ngo-1-u7200012@org12,1900-01-01T00:00:00.000Z,,1.0,device-12-7200012,field_worker,org-12
ngo-1-u7200013@org12,1900-01-01T00:00:00.000Z,,1.0,device-12-7200013,field_worker,org-12
ngo-1-u7200014@org12,1900-01-01T00:00:00.000Z,,1.0,device-12-7200014,field_worker,org-12
ngo-1-u7200015@org12,1900-01-01T00:00:00.000Z,,1.0,device-12-7200015,field_worker,org-12
ngo-1-u7200016@org12,1900-01-01T00:00:00.000Z,,1.0,device-12-7200016,field_worker,org-12
ngo-1-u7200017@org12,1900-01-01T00:00:00.000Z,,1.0,device-12-7200017,field_worker,org-12
ngo-1-u7200018@org12,1900-01-01T00:00:00.000Z,,1.0,device-12-7200018,field_worker,org-12
ngo-1-u7200019@org12,1900-01-01T00:00:00.000Z,,1.0,device-12-7200019,field_worker,org-12
ngo-1-u7200020@org12,1900-01-01T00:00:00.000Z,,1.0,device-12-7200020,field_worker,org-12
ngo-1-u7200021@org12,1900-01-01T00:00:00.000Z,,1.0,device-12-7200021,field_worker,org-12
ngo-1-u7200022@org12,1900-01-01T00:00:00.000Z,,1.0,device-12-7200022,field_worker,org-12
ngo-1-u7200023@org12,1900-01-01T00:00:00.000Z,,1.0,device-12-7200023,field_worker,org-12
ngo-1-u7200024@org12,1900-01-01T00:00:00.000Z,,1.0,device-12-7200024,field_worker,org-12
ngo-1-u7200025@org12,1900-01-01T00:00:00.000Z,,1.0,device-12-7200025,field_worker,org-12
ngo-1-u7200026@org12,1900-01-01T00:00:00.000Z,,1.0,device-12-7200026,field_worker,org-12
ngo-1-u7200027@org12,1900-01-01T00:00:00.000Z,,1.0,device-12-7200027,field_worker,org-12
ngo-1-u7200028@org12,1900-01-01T00:00:00.000Z,,1.0,device-12-7200028,field_worker,org-12
ngo-1-u7200029@org12,1900-01-01T00:00:00.000Z,,1.0,device-12-7200029,field_worker,org-12
ngo-1-u7200030@org12,1900-01-01T00:00:00.000Z,,1.0,device-12-7200030,field_worker,org-12
ngo-1-u7200031@org12,1900-01-01T00:00:00.000Z,,1.0,device-12-7200031,field_worker,org-12
ngo-1-u7200032@org12,1900-01-01T00:00:00.000Z,,1.0,device-12-7200032,field_worker,org-12
ngo-1-u7200033@org12,1900-01-01T00:00:00.000Z,,1.0,device-12-7200033,field_worker,org-12
ngo-1-u7200034@org12,1900-01-01T00:00:00.000Z,,1.0,device-12-7200034,field_worker,org-12
ngo-1-u7200035@org12,1900-01-01T00:00:00.000Z,,1.0,device-12-7200035,field_worker,org-12
ngo-1-u7200036@org12,1900-01-01T00:00:00.000Z,,1.0,device-12-7200036,field_worker,org-12
ngo-1-u7200037@org12,1900-01-01T00:00:00.000Z,,1.0,device-12-7200037,field_worker,org-12
ngo-1-u7200038@org12,1900-01-01T00:00:00.000Z,,1.0,device-12-7200038,field_worker,org-12
ngo-1-u7200039@org12,1900-01-01T00:00:00.000Z,,1.0,device-12-7200039,field_worker,org-12
ngo-1-u7200040@org12,1900-01-01T00:00:00.000Z,,1.0,device-12-7200040,field_worker,org-12
ngo-1-u7200041@org12,1900-01-01T00:00:00.000Z,,1.0,device-12-7200041,field_worker,org-12
ngo-1-u7200042@org12,1900-01-01T00:00:00.000Z,,1.0,device-12-7200042,field_worker,org-12
ngo-1-u7200043@org12,1900-01-01T00:00:00.000Z,,1.0,device-12-7200043,field_worker,org-12
ngo-1-u7200044@org12,1900-01-01T00:00:00.000Z,,1.0,device-12-7200044,field_worker,org-12
ngo-1-u7200045@org12,1900-01-01T00:00:00.000Z,,1.0,device-12-7200045,field_worker,org-12
ngo-1-u7200046@org12,1900-01-01T00:00:00.000Z,,1.0,device-12-7200046,field_worker,org-12
ngo-1-u7200047@org12,1900-01-01T00:00:00.000Z,,1.0,device-12-7200047,field_worker,org-12
ngo-1-u7200048@org12,1900-01-01T00:00:00.000Z,,1.0,device-12-7200048,field_worker,org-12
ngo-1-u7200049@org12,1900-01-01T00:00:00.000Z,,1.0,device-12-7200049,field_worker,org-12
ngo-1-u7200050@org12,1900-01-01T00:00:00.000Z,,1.0,device-12-7200050,field_worker,org-12
ngo-1-u7200051@org12,1900-01-01T00:00:00.000Z,,1.0,device-12-7200051,field_worker,org-12
ngo-1-u7200052@org12,1900-01-01T00:00:00.000Z,,1.0,device-12-7200052,field_worker,org-12
ngo-1-u7200053@org12,1900-01-01T00:00:00.000Z,,1.0,device-12-7200053,field_worker,org-12
ngo-1-u7200054@org12,1900-01-01T00:00:00.000Z,,1.0,device-12-7200054,field_worker,org-12
ngo-1-u7200055@org12,1900-01-01T00:00:00.000Z,,1.0,device-12-7200055,field_worker,org-12
ngo-1-u7200056@org12,1900-01-01T00:00:00.000Z,,1.0,device-12-7200056,field_worker,org-12
ngo-1-u7200057@org12,1900-01-01T00:00:00.000Z,,1.0,device-12-7200057,field_worker,org-12
ngo-1-u7200058@org12,1900-01-01T00:00:00.000Z,,1.0,device-12-7200058,field_worker,org-12
ngo-1-u7200059@org12,1900-01-01T00:00:00.000Z,,1.0,device-12-7200059,field_worker,org-12
ngo-1-u7200060@org12,1900-01-01T00:00:00.000Z,,1.0,device-12-7200060,field_worker,org-12
ngo-1-u7200061@org12,1900-01-01T00:00:00.000Z,,1.0,device-12-7200061,field_worker,org-12
ngo-1-u7200062@org12,1900-01-01T00:00:00.000Z,,1.0,device-12-7200062,field_worker,org-12
ngo-1-u7200063@org12,1900-01-01T00:00:00.000Z,,1.0,device-12-7200063,field_worker,org-12
ngo-1-u7200064@org12,1900-01-01T00:00:00.000Z,,1.0,device-12-7200064,supervisor,org-12
ngo-1-u7200065@org12,1900-01-01T00:00:00.000Z,,1.0,device-12-7200065,supervisor,org-12
ngo-1-u7200066@org12,1900-01-01T00:00:00.000Z,,1.0,device-12-7200066,supervisor,org-12
ngo-2-u7646401@org13,1900-01-01T00:00:00.000Z,,1.0,device-13-7646401,field_worker,org-13
ngo-2-u7646402@org13,1900-01-01T00:00:00.000Z,,1.0,device-13-7646402,field_worker,org-13
ngo-2-u7646403@org13,1900-01-01T00:00:00.000Z,,1.0,device-13-7646403,field_worker,org-13
ngo-2-u7646404@org13,1900-01-01T00:00:00.000Z,,1.0,device-13-7646404,field_worker,org-13
ngo-2-u7646405@org13,1900-01-01T00:00:00.000Z,,1.0,device-13-7646405,field_worker,org-13
ngo-2-u7646406@org13,1900-01-01T00:00:00.000Z,,1.0,device-13-7646406,field_worker,org-13
ngo-2-u7646407@org13,1900-01-01T00:00:00.000Z,,1.0,device-13-7646407,field_worker,org-13
ngo-2-u7646408@org13,1900-01-01T00:00:00.000Z,,1.0,device-13-7646408,field_worker,org-13
ngo-2-u7646409@org13,1900-01-01T00:00:00.000Z,,1.0,device-13-7646409,field_worker,org-13
ngo-2-u7646410@org13,1900-01-01T00:00:00.000Z,,1.0,device-13-7646410,field_worker,org-13
ngo-2-u7646411@org13,1900-01-01T00:00:00.000Z,,1.0,device-13-7646411,field_worker,org-13
ngo-2-u7646412@org13,1900-01-01T00:00:00.000Z,,1.0,device-13-7646412,field_worker,org-13
ngo-2-u7646413@org13,1900-01-01T00:00:00.000Z,,1.0,device-13-7646413,field_worker,org-13
ngo-2-u7646414@org13,1900-01-01T00:00:00.000Z,,1.0,device-13-7646414,field_worker,org-13
ngo-2-u7646415@org13,1900-01-01T00:00:00.000Z,,1.0,device-13-7646415,field_worker,org-13
ngo-2-u7646416@org13,1900-01-01T00:00:00.000Z,,1.0,device-13-7646416,field_worker,org-13
ngo-2-u7646417@org13,1900-01-01T00:00:00.000Z,,1.0,device-13-7646417,field_worker,org-13
ngo-2-u7646418@org13,1900-01-01T00:00:00.000Z,,1.0,device-13-7646418,field_worker,org-13
ngo-2-u7646419@org13,1900-01-01T00:00:00.000Z,,1.0,device-13-7646419,field_worker,org-13
ngo-2-u7646420@org13,1900-01-01T00:00:00.000Z,,1.0,device-13-7646420,field_worker,org-13
ngo-2-u7646421@org13,1900-01-01T00:00:00.000Z,,1.0,device-13-7646421,field_worker,org-13
ngo-2-u7646422@org13,1900-01-01T00:00:00.000Z,,1.0,device-13-7646422,field_worker,org-13
ngo-2-u7646423@org13,1900-01-01T00:00:00.000Z,,1.0,device-13-7646423,field_worker,org-13
ngo-2-u7646424@org13,1900-01-01T00:00:00.000Z,,1.0,device-13-7646424,field_worker,org-13
ngo-2-u7646425@org13,1900-01-01T00:00:00.000Z,,1.0,device-13-7646425,field_worker,org-13
ngo-2-u7646426@org13,1900-01-01T00:00:00.000Z,,1.0,device-13-7646426,field_worker,org-13
ngo-2-u7646427@org13,1900-01-01T00:00:00.000Z,,1.0,device-13-7646427,field_worker,org-13
ngo-2-u7646428@org13,1900-01-01T00:00:00.000Z,,1.0,device-13-7646428,field_worker,org-13
ngo-2-u7646429@org13,1900-01-01T00:00:00.000Z,,1.0,device-13-7646429,field_worker,org-13
ngo-2-u7646430@org13,1900-01-01T00:00:00.000Z,,1.0,device-13-7646430,field_worker,org-13
ngo-2-u7646431@org13,1900-01-01T00:00:00.000Z,,1.0,device-13-7646431,field_worker,org-13
ngo-2-u7646432@org13,1900-01-01T00:00:00.000Z,,1.0,device-13-7646432,field_worker,org-13
ngo-2-u7646433@org13,1900-01-01T00:00:00.000Z,,1.0,device-13-7646433,field_worker,org-13
ngo-2-u7646434@org13,1900-01-01T00:00:00.000Z,,1.0,device-13-7646434,field_worker,org-13
ngo-2-u7646435@org13,1900-01-01T00:00:00.000Z,,1.0,device-13-7646435,field_worker,org-13
ngo-2-u7646436@org13,1900-01-01T00:00:00.000Z,,1.0,device-13-7646436,field_worker,org-13
ngo-2-u7646437@org13,1900-01-01T00:00:00.000Z,,1.0,device-13-7646437,field_worker,org-13
ngo-2-u7646438@org13,1900-01-01T00:00:00.000Z,,1.0,device-13-7646438,field_worker,org-13
ngo-2-u7646439@org13,1900-01-01T00:00:00.000Z,,1.0,device-13-7646439,field_worker,org-13
ngo-2-u7646440@org13,1900-01-01T00:00:00.000Z,,1.0,device-13-7646440,field_worker,org-13
ngo-2-u7646441@org13,1900-01-01T00:00:00.000Z,,1.0,device-13-7646441,field_worker,org-13
ngo-2-u7646442@org13,1900-01-01T00:00:00.000Z,,1.0,device-13-7646442,field_worker,org-13
ngo-2-u7646443@org13,1900-01-01T00:00:00.000Z,,1.0,device-13-7646443,field_worker,org-13
ngo-2-u7646444@org13,1900-01-01T00:00:00.000Z,,1.0,device-13-7646444,field_worker,org-13
ngo-2-u7646445@org13,1900-01-01T00:00:00.000Z,,1.0,device-13-7646445,field_worker,org-13
ngo-2-u7646446@org13,1900-01-01T00:00:00.000Z,,1.0,device-13-7646446,field_worker,org-13
ngo-2-u7646447@org13,1900-01-01T00:00:00.000Z,,1.0,device-13-7646447,field_worker,org-13
ngo-2-u7646448@org13,1900-01-01T00:00:00.000Z,,1.0,device-13-7646448,field_worker,org-13
ngo-2-u7646449@org13,1900-01-01T00:00:00.000Z,,1.0,device-13-7646449,field_worker,org-13
ngo-2-u7646450@org13,1900-01-01T00:00:00.000Z,,1.0,device-13-7646450,field_worker,org-13
ngo-2-u7646451@org13,1900-01-01T00:00:00.000Z,,1.0,device-13-7646451,field_worker,org-13
ngo-2-u7646452@org13,1900-01-01T00:00:00.000Z,,1.0,device-13-7646452,field_worker,org-13
ngo-2-u7646453@org13,1900-01-01T00:00:00.000Z,,1.0,device-13-7646453,field_worker,org-13
ngo-2-u7646454@org13,1900-01-01T00:00:00.000Z,,1.0,device-13-7646454,field_worker,org-13
ngo-2-u7646455@org13,1900-01-01T00:00:00.000Z,,1.0,device-13-7646455,field_worker,org-13
ngo-2-u7646456@org13,1900-01-01T00:00:00.000Z,,1.0,device-13-7646456,field_worker,org-13
ngo-2-u7646457@org13,1900-01-01T00:00:00.000Z,,1.0,device-13-7646457,field_worker,org-13
ngo-2-u7646458@org13,1900-01-01T00:00:00.000Z,,1.0,device-13-7646458,field_worker,org-13
ngo-2-u7646459@org13,1900-01-01T00:00:00.000Z,,1.0,device-13-7646459,field_worker,org-13
ngo-2-u7646460@org13,1900-01-01T00:00:00.000Z,,1.0,device-13-7646460,field_worker,org-13
ngo-2-u7646461@org13,1900-01-01T00:00:00.000Z,,1.0,device-13-7646461,field_worker,org-13
ngo-2-u7646462@org13,1900-01-01T00:00:00.000Z,,1.0,device-13-7646462,field_worker,org-13
ngo-2-u7646463@org13,1900-01-01T00:00:00.000Z,,1.0,device-13-7646463,field_worker,org-13
ngo-2-u7646464@org13,1900-01-01T00:00:00.000Z,,1.0,device-13-7646464,supervisor,org-13
ngo-2-u7646465@org13,1900-01-01T00:00:00.000Z,,1.0,device-13-7646465,supervisor,org-13
ngo-2-u7646466@org13,1900-01-01T00:00:00.000Z,,1.0,device-13-7646466,supervisor,org-13
ngo-3-u8092801@org14,1900-01-01T00:00:00.000Z,,1.0,device-14-8092801,field_worker,org-14
ngo-3-u8092802@org14,1900-01-01T00:00:00.000Z,,1.0,device-14-8092802,field_worker,org-14
ngo-3-u8092803@org14,1900-01-01T00:00:00.000Z,,1.0,device-14-8092803,field_worker,org-14
ngo-3-u8092804@org14,1900-01-01T00:00:00.000Z,,1.0,device-14-8092804,field_worker,org-14
ngo-3-u8092805@org14,1900-01-01T00:00:00.000Z,,1.0,device-14-8092805,field_worker,org-14
ngo-3-u8092806@org14,1900-01-01T00:00:00.000Z,,1.0,device-14-8092806,field_worker,org-14
ngo-3-u8092807@org14,1900-01-01T00:00:00.000Z,,1.0,device-14-8092807,field_worker,org-14
ngo-3-u8092808@org14,1900-01-01T00:00:00.000Z,,1.0,device-14-8092808,field_worker,org-14
ngo-3-u8092809@org14,1900-01-01T00:00:00.000Z,,1.0,device-14-8092809,field_worker,org-14
ngo-3-u8092810@org14,1900-01-01T00:00:00.000Z,,1.0,device-14-8092810,field_worker,org-14
ngo-3-u8092811@org14,1900-01-01T00:00:00.000Z,,1.0,device-14-8092811,field_worker,org-14
ngo-3-u8092812@org14,1900-01-01T00:00:00.000Z,,1.0,device-14-8092812,field_worker,org-14
ngo-3-u8092813@org14,1900-01-01T00:00:00.000Z,,1.0,device-14-8092813,field_worker,org-14
ngo-3-u8092814@org14,1900-01-01T00:00:00.000Z,,1.0,device-14-8092814,field_worker,org-14
ngo-3-u8092815@org14,1900-01-01T00:00:00.000Z,,1.0,device-14-8092815,field_worker,org-14
ngo-3-u8092816@org14,1900-01-01T00:00:00.000Z,,1.0,device-14-8092816,field_worker,org-14
ngo-3-u8092817@org14,1900-01-01T00:00:00.000Z,,1.0,device-14-8092817,field_worker,org-14
ngo-3-u8092818@org14,1900-01-01T00:00:00.000Z,,1.0,device-14-8092818,field_worker,org-14
ngo-3-u8092819@org14,1900-01-01T00:00:00.000Z,,1.0,device-14-8092819,field_worker,org-14
ngo-3-u8092820@org14,1900-01-01T00:00:00.000Z,,1.0,device-14-8092820,field_worker,org-14
ngo-3-u8092821@org14,1900-01-01T00:00:00.000Z,,1.0,device-14-8092821,field_worker,org-14
ngo-3-u8092822@org14,1900-01-01T00:00:00.000Z,,1.0,device-14-8092822,field_worker,org-14
ngo-3-u8092823@org14,1900-01-01T00:00:00.000Z,,1.0,device-14-8092823,field_worker,org-14
ngo-3-u8092824@org14,1900-01-01T00:00:00.000Z,,1.0,device-14-8092824,field_worker,org-14
ngo-3-u8092825@org14,1900-01-01T00:00:00.000Z,,1.0,device-14-8092825,field_worker,org-14
ngo-3-u8092826@org14,1900-01-01T00:00:00.000Z,,1.0,device-14-8092826,field_worker,org-14
ngo-3-u8092827@org14,1900-01-01T00:00:00.000Z,,1.0,device-14-8092827,field_worker,org-14
ngo-3-u8092828@org14,1900-01-01T00:00:00.000Z,,1.0,device-14-8092828,field_worker,org-14
ngo-3-u8092829@org14,1900-01-01T00:00:00.000Z,,1.0,device-14-8092829,field_worker,org-14
ngo-3-u8092830@org14,1900-01-01T00:00:00.000Z,,1.0,device-14-8092830,field_worker,org-14
ngo-3-u8092831@org14,1900-01-01T00:00:00.000Z,,1.0,device-14-8092831,field_worker,org-14
ngo-3-u8092832@org14,1900-01-01T00:00:00.000Z,,1.0,device-14-8092832,field_worker,org-14
ngo-3-u8092833@org14,1900-01-01T00:00:00.000Z,,1.0,device-14-8092833,field_worker,org-14
ngo-3-u8092834@org14,1900-01-01T00:00:00.000Z,,1.0,device-14-8092834,field_worker,org-14
ngo-3-u8092835@org14,1900-01-01T00:00:00.000Z,,1.0,device-14-8092835,field_worker,org-14
ngo-3-u8092836@org14,1900-01-01T00:00:00.000Z,,1.0,device-14-8092836,field_worker,org-14
ngo-3-u8092837@org14,1900-01-01T00:00:00.000Z,,1.0,device-14-8092837,field_worker,org-14
ngo-3-u8092838@org14,1900-01-01T00:00:00.000Z,,1.0,device-14-8092838,field_worker,org-14
ngo-3-u8092839@org14,1900-01-01T00:00:00.000Z,,1.0,device-14-8092839,field_worker,org-14
ngo-3-u8092840@org14,1900-01-01T00:00:00.000Z,,1.0,device-14-8092840,field_worker,org-14
ngo-3-u8092841@org14,1900-01-01T00:00:00.000Z,,1.0,device-14-8092841,field_worker,org-14
ngo-3-u8092842@org14,1900-01-01T00:00:00.000Z,,1.0,device-14-8092842,field_worker,org-14
ngo-3-u8092843@org14,1900-01-01T00:00:00.000Z,,1.0,device-14-8092843,field_worker,org-14
ngo-3-u8092844@org14,1900-01-01T00:00:00.000Z,,1.0,device-14-8092844,field_worker,org-14
ngo-3-u8092845@org14,1900-01-01T00:00:00.000Z,,1.0,device-14-8092845,field_worker,org-14
ngo-3-u8092846@org14,1900-01-01T00:00:00.000Z,,1.0,device-14-8092846,field_worker,org-14
ngo-3-u8092847@org14,1900-01-01T00:00:00.000Z,,1.0,device-14-8092847,field_worker,org-14
ngo-3-u8092848@org14,1900-01-01T00:00:00.000Z,,1.0,device-14-8092848,field_worker,org-14
ngo-3-u8092849@org14,1900-01-01T00:00:00.000Z,,1.0,device-14-8092849,field_worker,org-14
ngo-3-u8092850@org14,1900-01-01T00:00:00.000Z,,1.0,device-14-8092850,field_worker,org-14
ngo-3-u8092851@org14,1900-01-01T00:00:00.000Z,,1.0,device-14-8092851,field_worker,org-14
ngo-3-u8092852@org14,1900-01-01T00:00:00.000Z,,1.0,device-14-8092852,field_worker,org-14
ngo-3-u8092853@org14,1900-01-01T00:00:00.000Z,,1.0,device-14-8092853,field_worker,org-14
ngo-3-u8092854@org14,1900-01-01T00:00:00.000Z,,1.0,device-14-8092854,field_worker,org-14
ngo-3-u8092855@org14,1900-01-01T00:00:00.000Z,,1.0,device-14-8092855,field_worker,org-14
ngo-3-u8092856@org14,1900-01-01T00:00:00.000Z,,1.0,device-14-8092856,field_worker,org-14
ngo-3-u8092857@org14,1900-01-01T00:00:00.000Z,,1.0,device-14-8092857,field_worker,org-14
ngo-3-u8092858@org14,1900-01-01T00:00:00.000Z,,1.0,device-14-8092858,field_worker,org-14
ngo-3-u8092859@org14,1900-01-01T00:00:00.000Z,,1.0,device-14-8092859,field_worker,org-14
ngo-3-u8092860@org14,1900-01-01T00:00:00.000Z,,1.0,device-14-8092860,field_worker,org-14
ngo-3-u8092861@org14,1900-01-01T00:00:00.000Z,,1.0,device-14-8092861,field_worker,org-14
ngo-3-u8092862@org14,1900-01-01T00:00:00.000Z,,1.0,device-14-8092862,field_worker,org-14
ngo-3-u8092863@org14,1900-01-01T00:00:00.000Z,,1.0,device-14-8092863,field_worker,org-14
ngo-3-u8092864@org14,1900-01-01T00:00:00.000Z,,1.0,device-14-8092864,supervisor,org-14
ngo-3-u8092865@org14,1900-01-01T00:00:00.000Z,,1.0,device-14-8092865,supervisor,org-14
ngo-3-u8092866@org14,1900-01-01T00:00:00.000Z,,1.0,device-14-8092866,supervisor,org-14
ngo-4-u8539201@org15,1900-01-01T00:00:00.000Z,,1.0,device-15-8539201,field_worker,org-15
ngo-4-u8539202@org15,1900-01-01T00:00:00.000Z,,1.0,device-15-8539202,field_worker,org-15
ngo-4-u8539203@org15,1900-01-01T00:00:00.000Z,,1.0,device-15-8539203,field_worker,org-15
ngo-4-u8539204@org15,1900-01-01T00:00:00.000Z,,1.0,device-15-8539204,field_worker,org-15
ngo-4-u8539205@org15,1900-01-01T00:00:00.000Z,,1.0,device-15-8539205,field_worker,org-15
ngo-4-u8539206@org15,1900-01-01T00:00:00.000Z,,1.0,device-15-8539206,field_worker,org-15
ngo-4-u8539207@org15,1900-01-01T00:00:00.000Z,,1.0,device-15-8539207,field_worker,org-15
ngo-4-u8539208@org15,1900-01-01T00:00:00.000Z,,1.0,device-15-8539208,field_worker,org-15
ngo-4-u8539209@org15,1900-01-01T00:00:00.000Z,,1.0,device-15-8539209,field_worker,org-15
ngo-4-u8539210@org15,1900-01-01T00:00:00.000Z,,1.0,device-15-8539210,field_worker,org-15
ngo-4-u8539211@org15,1900-01-01T00:00:00.000Z,,1.0,device-15-8539211,field_worker,org-15
ngo-4-u8539212@org15,1900-01-01T00:00:00.000Z,,1.0,device-15-8539212,field_worker,org-15
ngo-4-u8539213@org15,1900-01-01T00:00:00.000Z,,1.0,device-15-8539213,field_worker,org-15
ngo-4-u8539214@org15,1900-01-01T00:00:00.000Z,,1.0,device-15-8539214,field_worker,org-15
ngo-4-u8539215@org15,1900-01-01T00:00:00.000Z,,1.0,device-15-8539215,field_worker,org-15
ngo-4-u8539216@org15,1900-01-01T00:00:00.000Z,,1.0,device-15-8539216,field_worker,org-15
ngo-4-u8539217@org15,1900-01-01T00:00:00.000Z,,1.0,device-15-8539217,field_worker,org-15
ngo-4-u8539218@org15,1900-01-01T00:00:00.000Z,,1.0,device-15-8539218,field_worker,org-15
ngo-4-u8539219@org15,1900-01-01T00:00:00.000Z,,1.0,device-15-8539219,field_worker,org-15
ngo-4-u8539220@org15,1900-01-01T00:00:00.000Z,,1.0,device-15-8539220,field_worker,org-15
ngo-4-u8539221@org15,1900-01-01T00:00:00.000Z,,1.0,device-15-8539221,field_worker,org-15
ngo-4-u8539222@org15,1900-01-01T00:00:00.000Z,,1.0,device-15-8539222,field_worker,org-15
ngo-4-u8539223@org15,1900-01-01T00:00:00.000Z,,1.0,device-15-8539223,field_worker,org-15
ngo-4-u8539224@org15,1900-01-01T00:00:00.000Z,,1.0,device-15-8539224,field_worker,org-15
ngo-4-u8539225@org15,1900-01-01T00:00:00.000Z,,1.0,device-15-8539225,field_worker,org-15
ngo-4-u8539226@org15,1900-01-01T00:00:00.000Z,,1.0,device-15-8539226,field_worker,org-15
ngo-4-u8539227@org15,1900-01-01T00:00:00.000Z,,1.0,device-15-8539227,field_worker,org-15
ngo-4-u8539228@org15,1900-01-01T00:00:00.000Z,,1.0,device-15-8539228,field_worker,org-15
ngo-4-u8539229@org15,1900-01-01T00:00:00.000Z,,1.0,device-15-8539229,field_worker,org-15
ngo-4-u8539230@org15,1900-01-01T00:00:00.000Z,,1.0,device-15-8539230,field_worker,org-15
ngo-4-u8539231@org15,1900-01-01T00:00:00.000Z,,1.0,device-15-8539231,field_worker,org-15
ngo-4-u8539232@org15,1900-01-01T00:00:00.000Z,,1.0,device-15-8539232,field_worker,org-15
ngo-4-u8539233@org15,1900-01-01T00:00:00.000Z,,1.0,device-15-8539233,field_worker,org-15
ngo-4-u8539234@org15,1900-01-01T00:00:00.000Z,,1.0,device-15-8539234,field_worker,org-15
ngo-4-u8539235@org15,1900-01-01T00:00:00.000Z,,1.0,device-15-8539235,field_worker,org-15
ngo-4-u8539236@org15,1900-01-01T00:00:00.000Z,,1.0,device-15-8539236,field_worker,org-15
ngo-4-u8539237@org15,1900-01-01T00:00:00.000Z,,1.0,device-15-8539237,field_worker,org-15
ngo-4-u8539238@org15,1900-01-01T00:00:00.000Z,,1.0,device-15-8539238,field_worker,org-15
ngo-4-u8539239@org15,1900-01-01T00:00:00.000Z,,1.0,device-15-8539239,field_worker,org-15
ngo-4-u8539240@org15,1900-01-01T00:00:00.000Z,,1.0,device-15-8539240,field_worker,org-15
ngo-4-u8539241@org15,1900-01-01T00:00:00.000Z,,1.0,device-15-8539241,field_worker,org-15
ngo-4-u8539242@org15,1900-01-01T00:00:00.000Z,,1.0,device-15-8539242,field_worker,org-15
ngo-4-u8539243@org15,1900-01-01T00:00:00.000Z,,1.0,device-15-8539243,field_worker,org-15
ngo-4-u8539244@org15,1900-01-01T00:00:00.000Z,,1.0,device-15-8539244,field_worker,org-15
ngo-4-u8539245@org15,1900-01-01T00:00:00.000Z,,1.0,device-15-8539245,field_worker,org-15
ngo-4-u8539246@org15,1900-01-01T00:00:00.000Z,,1.0,device-15-8539246,field_worker,org-15
ngo-4-u8539247@org15,1900-01-01T00:00:00.000Z,,1.0,device-15-8539247,field_worker,org-15
ngo-4-u8539248@org15,1900-01-01T00:00:00.000Z,,1.0,device-15-8539248,field_worker,org-15
ngo-4-u8539249@org15,1900-01-01T00:00:00.000Z,,1.0,device-15-8539249,field_worker,org-15
ngo-4-u8539250@org15,1900-01-01T00:00:00.000Z,,1.0,device-15-8539250,field_worker,org-15
ngo-4-u8539251@org15,1900-01-01T00:00:00.000Z,,1.0,device-15-8539251,field_worker,org-15
ngo-4-u8539252@org15,1900-01-01T00:00:00.000Z,,1.0,device-15-8539252,field_worker,org-15
ngo-4-u8539253@org15,1900-01-01T00:00:00.000Z,,1.0,device-15-8539253,field_worker,org-15
ngo-4-u8539254@org15,1900-01-01T00:00:00.000Z,,1.0,device-15-8539254,field_worker,org-15
ngo-4-u8539255@org15,1900-01-01T00:00:00.000Z,,1.0,device-15-8539255,field_worker,org-15
ngo-4-u8539256@org15,1900-01-01T00:00:00.000Z,,1.0,device-15-8539256,field_worker,org-15
ngo-4-u8539257@org15,1900-01-01T00:00:00.000Z,,1.0,device-15-8539257,field_worker,org-15
ngo-4-u8539258@org15,1900-01-01T00:00:00.000Z,,1.0,device-15-8539258,field_worker,org-15
ngo-4-u8539259@org15,1900-01-01T00:00:00.000Z,,1.0,device-15-8539259,field_worker,org-15
ngo-4-u8539260@org15,1900-01-01T00:00:00.000Z,,1.0,device-15-8539260,field_worker,org-15
ngo-4-u8539261@org15,1900-01-01T00:00:00.000Z,,1.0,device-15-8539261,field_worker,org-15
ngo-4-u8539262@org15,1900-01-01T00:00:00.000Z,,1.0,device-15-8539262,field_worker,org-15
ngo-4-u8539263@org15,1900-01-01T00:00:00.000Z,,1.0,device-15-8539263,field_worker,org-15
ngo-4-u8539264@org15,1900-01-01T00:00:00.000Z,,1.0,device-15-8539264,supervisor,org-15
ngo-4-u8539265@org15,1900-01-01T00:00:00.000Z,,1.0,device-15-8539265,supervisor,org-15
ngo-4-u8539266@org15,1900-01-01T00:00:00.000Z,,1.0,device-15-8539266,supervisor,org-15
ngo-5-u8985601@org16,1900-01-01T00:00:00.000Z,,1.0,device-16-8985601,field_worker,org-16
ngo-5-u8985602@org16,1900-01-01T00:00:00.000Z,,1.0,device-16-8985602,field_worker,org-16
ngo-5-u8985603@org16,1900-01-01T00:00:00.000Z,,1.0,device-16-8985603,field_worker,org-16
ngo-5-u8985604@org16,1900-01-01T00:00:00.000Z,,1.0,device-16-8985604,field_worker,org-16
ngo-5-u8985605@org16,1900-01-01T00:00:00.000Z,,1.0,device-16-8985605,field_worker,org-16
ngo-5-u8985606@org16,1900-01-01T00:00:00.000Z,,1.0,device-16-8985606,field_worker,org-16
ngo-5-u8985607@org16,1900-01-01T00:00:00.000Z,,1.0,device-16-8985607,field_worker,org-16
ngo-5-u8985608@org16,1900-01-01T00:00:00.000Z,,1.0,device-16-8985608,field_worker,org-16
ngo-5-u8985609@org16,1900-01-01T00:00:00.000Z,,1.0,device-16-8985609,field_worker,org-16
ngo-5-u8985610@org16,1900-01-01T00:00:00.000Z,,1.0,device-16-8985610,field_worker,org-16
ngo-5-u8985611@org16,1900-01-01T00:00:00.000Z,,1.0,device-16-8985611,field_worker,org-16
ngo-5-u8985612@org16,1900-01-01T00:00:00.000Z,,1.0,device-16-8985612,field_worker,org-16
ngo-5-u8985613@org16,1900-01-01T00:00:00.000Z,,1.0,device-16-8985613,field_worker,org-16
ngo-5-u8985614@org16,1900-01-01T00:00:00.000Z,,1.0,device-16-8985614,field_worker,org-16
ngo-5-u8985615@org16,1900-01-01T00:00:00.000Z,,1.0,device-16-8985615,field_worker,org-16
ngo-5-u8985616@org16,1900-01-01T00:00:00.000Z,,1.0,device-16-8985616,field_worker,org-16
ngo-5-u8985617@org16,1900-01-01T00:00:00.000Z,,1.0,device-16-8985617,field_worker,org-16
ngo-5-u8985618@org16,1900-01-01T00:00:00.000Z,,1.0,device-16-8985618,field_worker,org-16
ngo-5-u8985619@org16,1900-01-01T00:00:00.000Z,,1.0,device-16-8985619,field_worker,org-16
ngo-5-u8985620@org16,1900-01-01T00:00:00.000Z,,1.0,device-16-8985620,field_worker,org-16
ngo-5-u8985621@org16,1900-01-01T00:00:00.000Z,,1.0,device-16-8985621,field_worker,org-16
ngo-5-u8985622@org16,1900-01-01T00:00:00.000Z,,1.0,device-16-8985622,field_worker,org-16
ngo-5-u8985623@org16,1900-01-01T00:00:00.000Z,,1.0,device-16-8985623,field_worker,org-16
ngo-5-u8985624@org16,1900-01-01T00:00:00.000Z,,1.0,device-16-8985624,field_worker,org-16
ngo-5-u8985625@org16,1900-01-01T00:00:00.000Z,,1.0,device-16-8985625,field_worker,org-16
ngo-5-u8985626@org16,1900-01-01T00:00:00.000Z,,1.0,device-16-8985626,field_worker,org-16
ngo-5-u8985627@org16,1900-01-01T00:00:00.000Z,,1.0,device-16-8985627,field_worker,org-16
ngo-5-u8985628@org16,1900-01-01T00:00:00.000Z,,1.0,device-16-8985628,field_worker,org-16
ngo-5-u8985629@org16,1900-01-01T00:00:00.000Z,,1.0,device-16-8985629,field_worker,org-16
ngo-5-u8985630@org16,1900-01-01T00:00:00.000Z,,1.0,device-16-8985630,field_worker,org-16
ngo-5-u8985631@org16,1900-01-01T00:00:00.000Z,,1.0,device-16-8985631,field_worker,org-16
ngo-5-u8985632@org16,1900-01-01T00:00:00.000Z,,1.0,device-16-8985632,field_worker,org-16
ngo-5-u8985633@org16,1900-01-01T00:00:00.000Z,,1.0,device-16-8985633,field_worker,org-16
ngo-5-u8985634@org16,1900-01-01T00:00:00.000Z,,1.0,device-16-8985634,field_worker,org-16
ngo-5-u8985635@org16,1900-01-01T00:00:00.000Z,,1.0,device-16-8985635,field_worker,org-16
ngo-5-u8985636@org16,1900-01-01T00:00:00.000Z,,1.0,device-16-8985636,field_worker,org-16
ngo-5-u8985637@org16,1900-01-01T00:00:00.000Z,,1.0,device-16-8985637,field_worker,org-16
ngo-5-u8985638@org16,1900-01-01T00:00:00.000Z,,1.0,device-16-8985638,field_worker,org-16
ngo-5-u8985639@org16,1900-01-01T00:00:00.000Z,,1.0,device-16-8985639,field_worker,org-16
ngo-5-u8985640@org16,1900-01-01T00:00:00.000Z,,1.0,device-16-8985640,field_worker,org-16
ngo-5-u8985641@org16,1900-01-01T00:00:00.000Z,,1.0,device-16-8985641,field_worker,org-16
ngo-5-u8985642@org16,1900-01-01T00:00:00.000Z,,1.0,device-16-8985642,field_worker,org-16
ngo-5-u8985643@org16,1900-01-01T00:00:00.000Z,,1.0,device-16-8985643,field_worker,org-16
ngo-5-u8985644@org16,1900-01-01T00:00:00.000Z,,1.0,device-16-8985644,field_worker,org-16
ngo-5-u8985645@org16,1900-01-01T00:00:00.000Z,,1.0,device-16-8985645,field_worker,org-16
ngo-5-u8985646@org16,1900-01-01T00:00:00.000Z,,1.0,device-16-8985646,field_worker,org-16
ngo-5-u8985647@org16,1900-01-01T00:00:00.000Z,,1.0,device-16-8985647,field_worker,org-16
ngo-5-u8985648@org16,1900-01-01T00:00:00.000Z,,1.0,device-16-8985648,field_worker,org-16
ngo-5-u8985649@org16,1900-01-01T00:00:00.000Z,,1.0,device-16-8985649,field_worker,org-16
ngo-5-u8985650@org16,1900-01-01T00:00:00.000Z,,1.0,device-16-8985650,field_worker,org-16
ngo-5-u8985651@org16,1900-01-01T00:00:00.000Z,,1.0,device-16-8985651,field_worker,org-16
ngo-5-u8985652@org16,1900-01-01T00:00:00.000Z,,1.0,device-16-8985652,field_worker,org-16
ngo-5-u8985653@org16,1900-01-01T00:00:00.000Z,,1.0,device-16-8985653,field_worker,org-16
ngo-5-u8985654@org16,1900-01-01T00:00:00.000Z,,1.0,device-16-8985654,field_worker,org-16
ngo-5-u8985655@org16,1900-01-01T00:00:00.000Z,,1.0,device-16-8985655,field_worker,org-16
ngo-5-u8985656@org16,1900-01-01T00:00:00.000Z,,1.0,device-16-8985656,field_worker,org-16
ngo-5-u8985657@org16,1900-01-01T00:00:00.000Z,,1.0,device-16-8985657,field_worker,org-16
ngo-5-u8985658@org16,1900-01-01T00:00:00.000Z,,1.0,device-16-8985658,field_worker,org-16
ngo-5-u8985659@org16,1900-01-01T00:00:00.000Z,,1.0,device-16-8985659,field_worker,org-16
ngo-5-u8985660@org16,1900-01-01T00:00:00.000Z,,1.0,device-16-8985660,field_worker,org-16
ngo-5-u8985661@org16,1900-01-01T00:00:00.000Z,,1.0,device-16-8985661,field_worker,org-16
ngo-5-u8985662@org16,1900-01-01T00:00:00.000Z,,1.0,device-16-8985662,field_worker,org-16
ngo-5-u8985663@org16,1900-01-01T00:00:00.000Z,,1.0,device-16-8985663,field_worker,org-16
ngo-5-u8985664@org16,1900-01-01T00:00:00.000Z,,1.0,device-16-8985664,supervisor,org-16
ngo-5-u8985665@org16,1900-01-01T00:00:00.000Z,,1.0,device-16-8985665,supervisor,org-16
ngo-5-u8985666@org16,1900-01-01T00:00:00.000Z,,1.0,device-16-8985666,supervisor,org-16
ngo-6-u9432001@org17,1900-01-01T00:00:00.000Z,,1.0,device-17-9432001,field_worker,org-17
ngo-6-u9432002@org17,1900-01-01T00:00:00.000Z,,1.0,device-17-9432002,field_worker,org-17
ngo-6-u9432003@org17,1900-01-01T00:00:00.000Z,,1.0,device-17-9432003,field_worker,org-17
ngo-6-u9432004@org17,1900-01-01T00:00:00.000Z,,1.0,device-17-9432004,field_worker,org-17
ngo-6-u9432005@org17,1900-01-01T00:00:00.000Z,,1.0,device-17-9432005,field_worker,org-17
ngo-6-u9432006@org17,1900-01-01T00:00:00.000Z,,1.0,device-17-9432006,field_worker,org-17
ngo-6-u9432007@org17,1900-01-01T00:00:00.000Z,,1.0,device-17-9432007,field_worker,org-17
ngo-6-u9432008@org17,1900-01-01T00:00:00.000Z,,1.0,device-17-9432008,field_worker,org-17
ngo-6-u9432009@org17,1900-01-01T00:00:00.000Z,,1.0,device-17-9432009,field_worker,org-17
ngo-6-u9432010@org17,1900-01-01T00:00:00.000Z,,1.0,device-17-9432010,field_worker,org-17
ngo-6-u9432011@org17,1900-01-01T00:00:00.000Z,,1.0,device-17-9432011,field_worker,org-17
ngo-6-u9432012@org17,1900-01-01T00:00:00.000Z,,1.0,device-17-9432012,field_worker,org-17
ngo-6-u9432013@org17,1900-01-01T00:00:00.000Z,,1.0,device-17-9432013,field_worker,org-17
ngo-6-u9432014@org17,1900-01-01T00:00:00.000Z,,1.0,device-17-9432014,field_worker,org-17
ngo-6-u9432015@org17,1900-01-01T00:00:00.000Z,,1.0,device-17-9432015,field_worker,org-17
ngo-6-u9432016@org17,1900-01-01T00:00:00.000Z,,1.0,device-17-9432016,field_worker,org-17
ngo-6-u9432017@org17,1900-01-01T00:00:00.000Z,,1.0,device-17-9432017,field_worker,org-17
ngo-6-u9432018@org17,1900-01-01T00:00:00.000Z,,1.0,device-17-9432018,field_worker,org-17
ngo-6-u9432019@org17,1900-01-01T00:00:00.000Z,,1.0,device-17-9432019,field_worker,org-17
ngo-6-u9432020@org17,1900-01-01T00:00:00.000Z,,1.0,device-17-9432020,field_worker,org-17
ngo-6-u9432021@org17,1900-01-01T00:00:00.000Z,,1.0,device-17-9432021,field_worker,org-17
ngo-6-u9432022@org17,1900-01-01T00:00:00.000Z,,1.0,device-17-9432022,field_worker,org-17
ngo-6-u9432023@org17,1900-01-01T00:00:00.000Z,,1.0,device-17-9432023,field_worker,org-17
ngo-6-u9432024@org17,1900-01-01T00:00:00.000Z,,1.0,device-17-9432024,field_worker,org-17
ngo-6-u9432025@org17,1900-01-01T00:00:00.000Z,,1.0,device-17-9432025,field_worker,org-17
ngo-6-u9432026@org17,1900-01-01T00:00:00.000Z,,1.0,device-17-9432026,field_worker,org-17
ngo-6-u9432027@org17,1900-01-01T00:00:00.000Z,,1.0,device-17-9432027,field_worker,org-17
ngo-6-u9432028@org17,1900-01-01T00:00:00.000Z,,1.0,device-17-9432028,field_worker,org-17
ngo-6-u9432029@org17,1900-01-01T00:00:00.000Z,,1.0,device-17-9432029,field_worker,org-17
ngo-6-u9432030@org17,1900-01-01T00:00:00.000Z,,1.0,device-17-9432030,field_worker,org-17
ngo-6-u9432031@org17,1900-01-01T00:00:00.000Z,,1.0,device-17-9432031,field_worker,org-17
ngo-6-u9432032@org17,1900-01-01T00:00:00.000Z,,1.0,device-17-9432032,field_worker,org-17
ngo-6-u9432033@org17,1900-01-01T00:00:00.000Z,,1.0,device-17-9432033,field_worker,org-17
ngo-6-u9432034@org17,1900-01-01T00:00:00.000Z,,1.0,device-17-9432034,field_worker,org-17
ngo-6-u9432035@org17,1900-01-01T00:00:00.000Z,,1.0,device-17-9432035,field_worker,org-17
ngo-6-u9432036@org17,1900-01-01T00:00:00.000Z,,1.0,device-17-9432036,field_worker,org-17
ngo-6-u9432037@org17,1900-01-01T00:00:00.000Z,,1.0,device-17-9432037,field_worker,org-17
ngo-6-u9432038@org17,1900-01-01T00:00:00.000Z,,1.0,device-17-9432038,field_worker,org-17
ngo-6-u9432039@org17,1900-01-01T00:00:00.000Z,,1.0,device-17-9432039,field_worker,org-17
ngo-6-u9432040@org17,1900-01-01T00:00:00.000Z,,1.0,device-17-9432040,field_worker,org-17
ngo-6-u9432041@org17,1900-01-01T00:00:00.000Z,,1.0,device-17-9432041,field_worker,org-17
ngo-6-u9432042@org17,1900-01-01T00:00:00.000Z,,1.0,device-17-9432042,field_worker,org-17
ngo-6-u9432043@org17,1900-01-01T00:00:00.000Z,,1.0,device-17-9432043,field_worker,org-17
ngo-6-u9432044@org17,1900-01-01T00:00:00.000Z,,1.0,device-17-9432044,field_worker,org-17
ngo-6-u9432045@org17,1900-01-01T00:00:00.000Z,,1.0,device-17-9432045,field_worker,org-17
ngo-6-u9432046@org17,1900-01-01T00:00:00.000Z,,1.0,device-17-9432046,field_worker,org-17
ngo-6-u9432047@org17,1900-01-01T00:00:00.000Z,,1.0,device-17-9432047,field_worker,org-17
ngo-6-u9432048@org17,1900-01-01T00:00:00.000Z,,1.0,device-17-9432048,field_worker,org-17
ngo-6-u9432049@org17,1900-01-01T00:00:00.000Z,,1.0,device-17-9432049,field_worker,org-17
ngo-6-u9432050@org17,1900-01-01T00:00:00.000Z,,1.0,device-17-9432050,field_worker,org-17
ngo-6-u9432051@org17,1900-01-01T00:00:00.000Z,,1.0,device-17-9432051,field_worker,org-17
ngo-6-u9432052@org17,1900-01-01T00:00:00.000Z,,1.0,device-17-9432052,field_worker,org-17
ngo-6-u9432053@org17,1900-01-01T00:00:00.000Z,,1.0,device-17-9432053,field_worker,org-17
ngo-6-u9432054@org17,1900-01-01T00:00:00.000Z,,1.0,device-17-9432054,field_worker,org-17
ngo-6-u9432055@org17,1900-01-01T00:00:00.000Z,,1.0,device-17-9432055,field_worker,org-17
ngo-6-u9432056@org17,1900-01-01T00:00:00.000Z,,1.0,device-17-9432056,field_worker,org-17
ngo-6-u9432057@org17,1900-01-01T00:00:00.000Z,,1.0,device-17-9432057,field_worker,org-17
ngo-6-u9432058@org17,1900-01-01T00:00:00.000Z,,1.0,device-17-9432058,field_worker,org-17
ngo-6-u9432059@org17,1900-01-01T00:00:00.000Z,,1.0,device-17-9432059,field_worker,org-17
ngo-6-u9432060@org17,1900-01-01T00:00:00.000Z,,1.0,device-17-9432060,field_worker,org-17
ngo-6-u9432061@org17,1900-01-01T00:00:00.000Z,,1.0,device-17-9432061,field_worker,org-17
ngo-6-u9432062@org17,1900-01-01T00:00:00.000Z,,1.0,device-17-9432062,field_worker,org-17
ngo-6-u9432063@org17,1900-01-01T00:00:00.000Z,,1.0,device-17-9432063,field_worker,org-17
ngo-6-u9432064@org17,1900-01-01T00:00:00.000Z,,1.0,device-17-9432064,supervisor,org-17
ngo-6-u9432065@org17,1900-01-01T00:00:00.000Z,,1.0,device-17-9432065,supervisor,org-17
ngo-6-u9432066@org17,1900-01-01T00:00:00.000Z,,1.0,device-17-9432066,supervisor,org-17
ngo-7-u9878401@org18,1900-01-01T00:00:00.000Z,,1.0,device-18-9878401,field_worker,org-18
ngo-7-u9878402@org18,1900-01-01T00:00:00.000Z,,1.0,device-18-9878402,field_worker,org-18
ngo-7-u9878403@org18,1900-01-01T00:00:00.000Z,,1.0,device-18-9878403,field_worker,org-18
ngo-7-u9878404@org18,1900-01-01T00:00:00.000Z,,1.0,device-18-9878404,field_worker,org-18
ngo-7-u9878405@org18,1900-01-01T00:00:00.000Z,,1.0,device-18-9878405,field_worker,org-18
ngo-7-u9878406@org18,1900-01-01T00:00:00.000Z,,1.0,device-18-9878406,field_worker,org-18
ngo-7-u9878407@org18,1900-01-01T00:00:00.000Z,,1.0,device-18-9878407,field_worker,org-18
ngo-7-u9878408@org18,1900-01-01T00:00:00.000Z,,1.0,device-18-9878408,field_worker,org-18
ngo-7-u9878409@org18,1900-01-01T00:00:00.000Z,,1.0,device-18-9878409,field_worker,org-18
ngo-7-u9878410@org18,1900-01-01T00:00:00.000Z,,1.0,device-18-9878410,field_worker,org-18
ngo-7-u9878411@org18,1900-01-01T00:00:00.000Z,,1.0,device-18-9878411,field_worker,org-18
ngo-7-u9878412@org18,1900-01-01T00:00:00.000Z,,1.0,device-18-9878412,field_worker,org-18
ngo-7-u9878413@org18,1900-01-01T00:00:00.000Z,,1.0,device-18-9878413,field_worker,org-18
ngo-7-u9878414@org18,1900-01-01T00:00:00.000Z,,1.0,device-18-9878414,field_worker,org-18
ngo-7-u9878415@org18,1900-01-01T00:00:00.000Z,,1.0,device-18-9878415,field_worker,org-18
ngo-7-u9878416@org18,1900-01-01T00:00:00.000Z,,1.0,device-18-9878416,field_worker,org-18
ngo-7-u9878417@org18,1900-01-01T00:00:00.000Z,,1.0,device-18-9878417,field_worker,org-18
ngo-7-u9878418@org18,1900-01-01T00:00:00.000Z,,1.0,device-18-9878418,field_worker,org-18
ngo-7-u9878419@org18,1900-01-01T00:00:00.000Z,,1.0,device-18-9878419,field_worker,org-18
ngo-7-u9878420@org18,1900-01-01T00:00:00.000Z,,1.0,device-18-9878420,field_worker,org-18
ngo-7-u9878421@org18,1900-01-01T00:00:00.000Z,,1.0,device-18-9878421,field_worker,org-18
ngo-7-u9878422@org18,1900-01-01T00:00:00.000Z,,1.0,device-18-9878422,field_worker,org-18
ngo-7-u9878423@org18,1900-01-01T00:00:00.000Z,,1.0,device-18-9878423,field_worker,org-18
ngo-7-u9878424@org18,1900-01-01T00:00:00.000Z,,1.0,device-18-9878424,field_worker,org-18
ngo-7-u9878425@org18,1900-01-01T00:00:00.000Z,,1.0,device-18-9878425,field_worker,org-18
ngo-7-u9878426@org18,1900-01-01T00:00:00.000Z,,1.0,device-18-9878426,field_worker,org-18
ngo-7-u9878427@org18,1900-01-01T00:00:00.000Z,,1.0,device-18-9878427,field_worker,org-18
ngo-7-u9878428@org18,1900-01-01T00:00:00.000Z,,1.0,device-18-9878428,field_worker,org-18
ngo-7-u9878429@org18,1900-01-01T00:00:00.000Z,,1.0,device-18-9878429,field_worker,org-18
ngo-7-u9878430@org18,1900-01-01T00:00:00.000Z,,1.0,device-18-9878430,field_worker,org-18
ngo-7-u9878431@org18,1900-01-01T00:00:00.000Z,,1.0,device-18-9878431,field_worker,org-18
ngo-7-u9878432@org18,1900-01-01T00:00:00.000Z,,1.0,device-18-9878432,field_worker,org-18
ngo-7-u9878433@org18,1900-01-01T00:00:00.000Z,,1.0,device-18-9878433,field_worker,org-18
ngo-7-u9878434@org18,1900-01-01T00:00:00.000Z,,1.0,device-18-9878434,field_worker,org-18
ngo-7-u9878435@org18,1900-01-01T00:00:00.000Z,,1.0,device-18-9878435,field_worker,org-18
ngo-7-u9878436@org18,1900-01-01T00:00:00.000Z,,1.0,device-18-9878436,field_worker,org-18
ngo-7-u9878437@org18,1900-01-01T00:00:00.000Z,,1.0,device-18-9878437,field_worker,org-18
ngo-7-u9878438@org18,1900-01-01T00:00:00.000Z,,1.0,device-18-9878438,field_worker,org-18
ngo-7-u9878439@org18,1900-01-01T00:00:00.000Z,,1.0,device-18-9878439,field_worker,org-18
ngo-7-u9878440@org18,1900-01-01T00:00:00.000Z,,1.0,device-18-9878440,field_worker,org-18
ngo-7-u9878441@org18,1900-01-01T00:00:00.000Z,,1.0,device-18-9878441,field_worker,org-18
ngo-7-u9878442@org18,1900-01-01T00:00:00.000Z,,1.0,device-18-9878442,field_worker,org-18
ngo-7-u9878443@org18,1900-01-01T00:00:00.000Z,,1.0,device-18-9878443,field_worker,org-18
ngo-7-u9878444@org18,1900-01-01T00:00:00.000Z,,1.0,device-18-9878444,field_worker,org-18
ngo-7-u9878445@org18,1900-01-01T00:00:00.000Z,,1.0,device-18-9878445,field_worker,org-18
ngo-7-u9878446@org18,1900-01-01T00:00:00.000Z,,1.0,device-18-9878446,field_worker,org-18
ngo-7-u9878447@org18,1900-01-01T00:00:00.000Z,,1.0,device-18-9878447,field_worker,org-18
ngo-7-u9878448@org18,1900-01-01T00:00:00.000Z,,1.0,device-18-9878448,field_worker,org-18
ngo-7-u9878449@org18,1900-01-01T00:00:00.000Z,,1.0,device-18-9878449,field_worker,org-18
ngo-7-u9878450@org18,1900-01-01T00:00:00.000Z,,1.0,device-18-9878450,field_worker,org-18
ngo-7-u9878451@org18,1900-01-01T00:00:00.000Z,,1.0,device-18-9878451,field_worker,org-18
ngo-7-u9878452@org18,1900-01-01T00:00:00.000Z,,1.0,device-18-9878452,field_worker,org-18
ngo-7-u9878453@org18,1900-01-01T00:00:00.000Z,,1.0,device-18-9878453,field_worker,org-18
ngo-7-u9878454@org18,1900-01-01T00:00:00.000Z,,1.0,device-18-9878454,field_worker,org-18
ngo-7-u9878455@org18,1900-01-01T00:00:00.000Z,,1.0,device-18-9878455,field_worker,org-18
ngo-7-u9878456@org18,1900-01-01T00:00:00.000Z,,1.0,device-18-9878456,field_worker,org-18
ngo-7-u9878457@org18,1900-01-01T00:00:00.000Z,,1.0,device-18-9878457,field_worker,org-18
ngo-7-u9878458@org18,1900-01-01T00:00:00.000Z,,1.0,device-18-9878458,field_worker,org-18
ngo-7-u9878459@org18,1900-01-01T00:00:00.000Z,,1.0,device-18-9878459,field_worker,org-18
ngo-7-u9878460@org18,1900-01-01T00:00:00.000Z,,1.0,device-18-9878460,field_worker,org-18
ngo-7-u9878461@org18,1900-01-01T00:00:00.000Z,,1.0,device-18-9878461,field_worker,org-18
ngo-7-u9878462@org18,1900-01-01T00:00:00.000Z,,1.0,device-18-9878462,field_worker,org-18
ngo-7-u9878463@org18,1900-01-01T00:00:00.000Z,,1.0,device-18-9878463,field_worker,org-18
ngo-7-u9878464@org18,1900-01-01T00:00:00.000Z,,1.0,device-18-9878464,supervisor,org-18
ngo-7-u9878465@org18,1900-01-01T00:00:00.000Z,,1.0,device-18-9878465,supervisor,org-18
ngo-7-u9878466@org18,1900-01-01T00:00:00.000Z,,1.0,device-18-9878466,supervisor,org-18
ngo-8-u10324801@org19,1900-01-01T00:00:00.000Z,,1.0,device-19-10324801,field_worker,org-19
ngo-8-u10324802@org19,1900-01-01T00:00:00.000Z,,1.0,device-19-10324802,field_worker,org-19
ngo-8-u10324803@org19,1900-01-01T00:00:00.000Z,,1.0,device-19-10324803,field_worker,org-19
ngo-8-u10324804@org19,1900-01-01T00:00:00.000Z,,1.0,device-19-10324804,field_worker,org-19
ngo-8-u10324805@org19,1900-01-01T00:00:00.000Z,,1.0,device-19-10324805,field_worker,org-19
ngo-8-u10324806@org19,1900-01-01T00:00:00.000Z,,1.0,device-19-10324806,field_worker,org-19
ngo-8-u10324807@org19,1900-01-01T00:00:00.000Z,,1.0,device-19-10324807,field_worker,org-19
ngo-8-u10324808@org19,1900-01-01T00:00:00.000Z,,1.0,device-19-10324808,field_worker,org-19
ngo-8-u10324809@org19,1900-01-01T00:00:00.000Z,,1.0,device-19-10324809,field_worker,org-19
ngo-8-u10324810@org19,1900-01-01T00:00:00.000Z,,1.0,device-19-10324810,field_worker,org-19
ngo-8-u10324811@org19,1900-01-01T00:00:00.000Z,,1.0,device-19-10324811,field_worker,org-19
ngo-8-u10324812@org19,1900-01-01T00:00:00.000Z,,1.0,device-19-10324812,field_worker,org-19
ngo-8-u10324813@org19,1900-01-01T00:00:00.000Z,,1.0,device-19-10324813,field_worker,org-19
ngo-8-u10324814@org19,1900-01-01T00:00:00.000Z,,1.0,device-19-10324814,field_worker,org-19
ngo-8-u10324815@org19,1900-01-01T00:00:00.000Z,,1.0,device-19-10324815,field_worker,org-19
ngo-8-u10324816@org19,1900-01-01T00:00:00.000Z,,1.0,device-19-10324816,field_worker,org-19
ngo-8-u10324817@org19,1900-01-01T00:00:00.000Z,,1.0,device-19-10324817,field_worker,org-19
ngo-8-u10324818@org19,1900-01-01T00:00:00.000Z,,1.0,device-19-10324818,field_worker,org-19
ngo-8-u10324819@org19,1900-01-01T00:00:00.000Z,,1.0,device-19-10324819,field_worker,org-19
ngo-8-u10324820@org19,1900-01-01T00:00:00.000Z,,1.0,device-19-10324820,field_worker,org-19
ngo-8-u10324821@org19,1900-01-01T00:00:00.000Z,,1.0,device-19-10324821,field_worker,org-19
ngo-8-u10324822@org19,1900-01-01T00:00:00.000Z,,1.0,device-19-10324822,field_worker,org-19
ngo-8-u10324823@org19,1900-01-01T00:00:00.000Z,,1.0,device-19-10324823,field_worker,org-19
ngo-8-u10324824@org19,1900-01-01T00:00:00.000Z,,1.0,device-19-10324824,field_worker,org-19
ngo-8-u10324825@org19,1900-01-01T00:00:00.000Z,,1.0,device-19-10324825,field_worker,org-19
ngo-8-u10324826@org19,1900-01-01T00:00:00.000Z,,1.0,device-19-10324826,field_worker,org-19
ngo-8-u10324827@org19,1900-01-01T00:00:00.000Z,,1.0,device-19-10324827,field_worker,org-19
ngo-8-u10324828@org19,1900-01-01T00:00:00.000Z,,1.0,device-19-10324828,field_worker,org-19
ngo-8-u10324829@org19,1900-01-01T00:00:00.000Z,,1.0,device-19-10324829,field_worker,org-19
ngo-8-u10324830@org19,1900-01-01T00:00:00.000Z,,1.0,device-19-10324830,field_worker,org-19
ngo-8-u10324831@org19,1900-01-01T00:00:00.000Z,,1.0,device-19-10324831,field_worker,org-19
ngo-8-u10324832@org19,1900-01-01T00:00:00.000Z,,1.0,device-19-10324832,field_worker,org-19
ngo-8-u10324833@org19,1900-01-01T00:00:00.000Z,,1.0,device-19-10324833,field_worker,org-19
ngo-8-u10324834@org19,1900-01-01T00:00:00.000Z,,1.0,device-19-10324834,field_worker,org-19
ngo-8-u10324835@org19,1900-01-01T00:00:00.000Z,,1.0,device-19-10324835,field_worker,org-19
ngo-8-u10324836@org19,1900-01-01T00:00:00.000Z,,1.0,device-19-10324836,field_worker,org-19
ngo-8-u10324837@org19,1900-01-01T00:00:00.000Z,,1.0,device-19-10324837,field_worker,org-19
ngo-8-u10324838@org19,1900-01-01T00:00:00.000Z,,1.0,device-19-10324838,field_worker,org-19
ngo-8-u10324839@org19,1900-01-01T00:00:00.000Z,,1.0,device-19-10324839,field_worker,org-19
ngo-8-u10324840@org19,1900-01-01T00:00:00.000Z,,1.0,device-19-10324840,field_worker,org-19
ngo-8-u10324841@org19,1900-01-01T00:00:00.000Z,,1.0,device-19-10324841,field_worker,org-19
ngo-8-u10324842@org19,1900-01-01T00:00:00.000Z,,1.0,device-19-10324842,field_worker,org-19
ngo-8-u10324843@org19,1900-01-01T00:00:00.000Z,,1.0,device-19-10324843,field_worker,org-19
ngo-8-u10324844@org19,1900-01-01T00:00:00.000Z,,1.0,device-19-10324844,field_worker,org-19
ngo-8-u10324845@org19,1900-01-01T00:00:00.000Z,,1.0,device-19-10324845,field_worker,org-19
ngo-8-u10324846@org19,1900-01-01T00:00:00.000Z,,1.0,device-19-10324846,field_worker,org-19
ngo-8-u10324847@org19,1900-01-01T00:00:00.000Z,,1.0,device-19-10324847,field_worker,org-19
ngo-8-u10324848@org19,1900-01-01T00:00:00.000Z,,1.0,device-19-10324848,field_worker,org-19
ngo-8-u10324849@org19,1900-01-01T00:00:00.000Z,,1.0,device-19-10324849,field_worker,org-19
ngo-8-u10324850@org19,1900-01-01T00:00:00.000Z,,1.0,device-19-10324850,field_worker,org-19
ngo-8-u10324851@org19,1900-01-01T00:00:00.000Z,,1.0,device-19-10324851,field_worker,org-19
ngo-8-u10324852@org19,1900-01-01T00:00:00.000Z,,1.0,device-19-10324852,field_worker,org-19
ngo-8-u10324853@org19,1900-01-01T00:00:00.000Z,,1.0,device-19-10324853,field_worker,org-19
ngo-8-u10324854@org19,1900-01-01T00:00:00.000Z,,1.0,device-19-10324854,field_worker,org-19
ngo-8-u10324855@org19,1900-01-01T00:00:00.000Z,,1.0,device-19-10324855,field_worker,org-19
ngo-8-u10324856@org19,1900-01-01T00:00:00.000Z,,1.0,device-19-10324856,field_worker,org-19
ngo-8-u10324857@org19,1900-01-01T00:00:00.000Z,,1.0,device-19-10324857,field_worker,org-19
ngo-8-u10324858@org19,1900-01-01T00:00:00.000Z,,1.0,device-19-10324858,field_worker,org-19
ngo-8-u10324859@org19,1900-01-01T00:00:00.000Z,,1.0,device-19-10324859,field_worker,org-19
ngo-8-u10324860@org19,1900-01-01T00:00:00.000Z,,1.0,device-19-10324860,field_worker,org-19
ngo-8-u10324861@org19,1900-01-01T00:00:00.000Z,,1.0,device-19-10324861,field_worker,org-19
ngo-8-u10324862@org19,1900-01-01T00:00:00.000Z,,1.0,device-19-10324862,field_worker,org-19
ngo-8-u10324863@org19,1900-01-01T00:00:00.000Z,,1.0,device-19-10324863,field_worker,org-19
ngo-8-u10324864@org19,1900-01-01T00:00:00.000Z,,1.0,device-19-10324864,supervisor,org-19
ngo-8-u10324865@org19,1900-01-01T00:00:00.000Z,,1.0,device-19-10324865,supervisor,org-19
ngo-8-u10324866@org19,1900-01-01T00:00:00.000Z,,1.0,device-19-10324866,supervisor,org-19
