userName,lastModifiedDateTime,password|token,pushScale,deviceId,role,organisationUUID
state-1-u201000001@org10,1900-01-01T00:00:00.000Z,,1.0,device-10-201000001,field_worker,org-10
state-1-u201000002@org10,1900-01-01T00:00:00.000Z,,1.0,device-10-201000002,field_worker,org-10
state-1-u201000003@org10,1900-01-01T00:00:00.000Z,,1.0,device-10-201000003,field_worker,org-10
state-1-u201000004@org10,1900-01-01T00:00:00.000Z,,1.0,device-10-201000004,field_worker,org-10
state-1-u201000005@org10,1900-01-01T00:00:00.000Z,,1.0,device-10-201000005,field_worker,org-10
state-1-u201000006@org10,1900-01-01T00:00:00.000Z,,1.0,device-10-201000006,field_worker,org-10
state-1-u201000007@org10,1900-01-01T00:00:00.000Z,,1.0,device-10-201000007,field_worker,org-10
state-1-u201000008@org10,1900-01-01T00:00:00.000Z,,1.0,device-10-201000008,field_worker,org-10
state-1-u201000009@org10,1900-01-01T00:00:00.000Z,,1.0,device-10-201000009,field_worker,org-10
state-1-u201000010@org10,1900-01-01T00:00:00.000Z,,1.0,device-10-201000010,field_worker,org-10
state-1-u201000011@org10,1900-01-01T00:00:00.000Z,,1.0,device-10-201000011,field_worker,org-10
state-1-u201000012@org10,1900-01-01T00:00:00.000Z,,1.0,device-10-201000012,field_worker,org-10
state-1-u201000013@org10,1900-01-01T00:00:00.000Z,,1.0,device-10-201000013,field_worker,org-10
state-1-u201000014@org10,1900-01-01T00:00:00.000Z,,1.0,device-10-201000014,field_worker,org-10
state-1-u201000015@org10,1900-01-01T00:00:00.000Z,,1.0,device-10-201000015,field_worker,org-10
state-1-u201000016@org10,1900-01-01T00:00:00.000Z,,1.0,device-10-201000016,field_worker,org-10
state-1-u201000017@org10,1900-01-01T00:00:00.000Z,,1.0,device-10-201000017,field_worker,org-10
state-1-u201000018@org10,1900-01-01T00:00:00.000Z,,1.0,device-10-201000018,field_worker,org-10
state-1-u201000019@org10,1900-01-01T00:00:00.000Z,,1.0,device-10-201000019,field_worker,org-10
state-1-u201000020@org10,1900-01-01T00:00:00.000Z,,1.0,device-10-201000020,field_worker,org-10
state-1-u201000021@org10,1900-01-01T00:00:00.000Z,,1.0,device-10-201000021,field_worker,org-10
state-1-u201000022@org10,1900-01-01T00:00:00.000Z,,1.0,device-10-201000022,field_worker,org-10
state-1-u201000023@org10,1900-01-01T00:00:00.000Z,,1.0,device-10-201000023,field_worker,org-10
state-1-u201000024@org10,1900-01-01T00:00:00.000Z,,1.0,device-10-201000024,field_worker,org-10
state-1-u201000025@org10,1900-01-01T00:00:00.000Z,,1.0,device-10-201000025,field_worker,org-10
state-1-u201000026@org10,1900-01-01T00:00:00.000Z,,1.0,device-10-201000026,field_worker,org-10
state-1-u201000027@org10,1900-01-01T00:00:00.000Z,,1.0,device-10-201000027,field_worker,org-10
state-1-u201000028@org10,1900-01-01T00:00:00.000Z,,1.0,device-10-201000028,field_worker,org-10
state-1-u201000029@org10,1900-01-01T00:00:00.000Z,,1.0,device-10-201000029,field_worker,org-10
state-1-u201000030@org10,1900-01-01T00:00:00.000Z,,1.0,device-10-201000030,field_worker,org-10
state-1-u201000031@org10,1900-01-01T00:00:00.000Z,,1.0,device-10-201000031,field_worker,org-10
state-1-u201000032@org10,1900-01-01T00:00:00.000Z,,1.0,device-10-201000032,field_worker,org-10
state-1-u201000033@org10,1900-01-01T00:00:00.000Z,,1.0,device-10-201000033,field_worker,org-10
state-1-u201000034@org10,1900-01-01T00:00:00.000Z,,1.0,device-10-201000034,field_worker,org-10
state-1-u201000035@org10,1900-01-01T00:00:00.000Z,,1.0,device-10-201000035,field_worker,org-10
state-1-u201000036@org10,1900-01-01T00:00:00.000Z,,1.0,device-10-201000036,field_worker,org-10
state-1-u201000037@org10,1900-01-01T00:00:00.000Z,,1.0,device-10-201000037,field_worker,org-10
state-1-u201000038@org10,1900-01-01T00:00:00.000Z,,1.0,device-10-201000038,field_worker,org-10
state-1-u201000039@org10,1900-01-01T00:00:00.000Z,,1.0,device-10-201000039,field_worker,org-10
state-1-u201000040@org10,1900-01-01T00:00:00.000Z,,1.0,device-10-201000040,field_worker,org-10
state-1-u201000041@org10,1900-01-01T00:00:00.000Z,,1.0,device-10-201000041,field_worker,org-10
state-1-u201000042@org10,1900-01-01T00:00:00.000Z,,1.0,device-10-201000042,field_worker,org-10
state-1-u201000043@org10,1900-01-01T00:00:00.000Z,,1.0,device-10-201000043,field_worker,org-10
state-1-u201000044@org10,1900-01-01T00:00:00.000Z,,1.0,device-10-201000044,field_worker,org-10
state-1-u201000045@org10,1900-01-01T00:00:00.000Z,,1.0,device-10-201000045,field_worker,org-10
state-1-u201000046@org10,1900-01-01T00:00:00.000Z,,1.0,device-10-201000046,field_worker,org-10
state-1-u201000047@org10,1900-01-01T00:00:00.000Z,,1.0,device-10-201000047,field_worker,org-10
state-1-u201000048@org10,1900-01-01T00:00:00.000Z,,1.0,device-10-201000048,field_worker,org-10
state-1-u201000049@org10,1900-01-01T00:00:00.000Z,,1.0,device-10-201000049,field_worker,org-10
state-1-u201000050@org10,1900-01-01T00:00:00.000Z,,1.0,device-10-201000050,field_worker,org-10
state-1-u201000051@org10,1900-01-01T00:00:00.000Z,,1.0,device-10-201000051,field_worker,org-10
state-1-u201000052@org10,1900-01-01T00:00:00.000Z,,1.0,device-10-201000052,field_worker,org-10
state-1-u201000053@org10,1900-01-01T00:00:00.000Z,,1.0,device-10-201000053,field_worker,org-10
state-1-u201000054@org10,1900-01-01T00:00:00.000Z,,1.0,device-10-201000054,field_worker,org-10
state-1-u201000055@org10,1900-01-01T00:00:00.000Z,,1.0,device-10-201000055,field_worker,org-10
state-1-u201000056@org10,1900-01-01T00:00:00.000Z,,1.0,device-10-201000056,field_worker,org-10
state-1-u201000057@org10,1900-01-01T00:00:00.000Z,,1.0,device-10-201000057,field_worker,org-10
state-1-u201000058@org10,1900-01-01T00:00:00.000Z,,1.0,device-10-201000058,field_worker,org-10
state-1-u201000059@org10,1900-01-01T00:00:00.000Z,,1.0,device-10-201000059,field_worker,org-10
state-1-u201000060@org10,1900-01-01T00:00:00.000Z,,1.0,device-10-201000060,field_worker,org-10
state-1-u201000061@org10,1900-01-01T00:00:00.000Z,,1.0,device-10-201000061,field_worker,org-10
state-1-u201000062@org10,1900-01-01T00:00:00.000Z,,1.0,device-10-201000062,field_worker,org-10
state-1-u201000063@org10,1900-01-01T00:00:00.000Z,,1.0,device-10-201000063,field_worker,org-10
state-1-u201000064@org10,1900-01-01T00:00:00.000Z,,1.0,device-10-201000064,field_worker,org-10
state-1-u201000065@org10,1900-01-01T00:00:00.000Z,,1.0,device-10-201000065,field_worker,org-10
state-1-u201000066@org10,1900-01-01T00:00:00.000Z,,1.0,device-10-201000066,field_worker,org-10
state-1-u201000067@org10,1900-01-01T00:00:00.000Z,,1.0,device-10-201000067,field_worker,org-10
state-1-u201000068@org10,1900-01-01T00:00:00.000Z,,1.0,device-10-201000068,field_worker,org-10
state-1-u201000069@org10,1900-01-01T00:00:00.000Z,,1.0,device-10-201000069,field_worker,org-10
state-1-u201000070@org10,1900-01-01T00:00:00.000Z,,1.0,device-10-201000070,field_worker,org-10
state-1-u201000071@org10,1900-01-01T00:00:00.000Z,,1.0,device-10-201000071,field_worker,org-10
state-1-u201000072@org10,1900-01-01T00:00:00.000Z,,1.0,device-10-201000072,field_worker,org-10
state-1-u201000073@org10,1900-01-01T00:00:00.000Z,,1.0,device-10-201000073,field_worker,org-10
state-1-u201000074@org10,1900-01-01T00:00:00.000Z,,1.0,device-10-201000074,field_worker,org-10
state-1-u201000075@org10,1900-01-01T00:00:00.000Z,,1.0,device-10-201000075,field_worker,org-10
state-1-u201000076@org10,1900-01-01T00:00:00.000Z,,1.0,device-10-201000076,field_worker,org-10
state-1-u201000077@org10,1900-01-01T00:00:00.000Z,,1.0,device-10-201000077,field_worker,org-10
state-1-u201000078@org10,1900-01-01T00:00:00.000Z,,1.0,device-10-201000078,field_worker,org-10
state-1-u201000079@org10,1900-01-01T00:00:00.000Z,,1.0,device-10-201000079,field_worker,org-10
state-1-u201000080@org10,1900-01-01T00:00:00.000Z,,1.0,device-10-201000080,field_worker,org-10
state-1-u201000081@org10,1900-01-01T00:00:00.000Z,,1.0,device-10-201000081,field_worker,org-10
state-1-u201000082@org10,1900-01-01T00:00:00.000Z,,1.0,device-10-201000082,field_worker,org-10
state-1-u201000083@org10,1900-01-01T00:00:00.000Z,,1.0,device-10-201000083,field_worker,org-10
state-1-u201000084@org10,1900-01-01T00:00:00.000Z,,1.0,device-10-201000084,field_worker,org-10
state-1-u201000085@org10,1900-01-01T00:00:00.000Z,,1.0,device-10-201000085,field_worker,org-10
state-1-u201000086@org10,1900-01-01T00:00:00.000Z,,1.0,device-10-201000086,field_worker,org-10
state-1-u201000087@org10,1900-01-01T00:00:00.000Z,,1.0,device-10-201000087,field_worker,org-10
state-1-u201000088@org10,1900-01-01T00:00:00.000Z,,1.0,device-10-201000088,field_worker,org-10
state-1-u201000089@org10,1900-01-01T00:00:00.000Z,,1.0,device-10-201000089,field_worker,org-10
state-1-u201000090@org10,1900-01-01T00:00:00.000Z,,1.0,device-10-201000090,field_worker,org-10
state-1-u201000091@org10,1900-01-01T00:00:00.000Z,,1.0,device-10-201000091,field_worker,org-10
state-1-u201000092@org10,1900-01-01T00:00:00.000Z,,1.0,device-10-201000092,field_worker,org-10
state-1-u201000093@org10,1900-01-01T00:00:00.000Z,,1.0,device-10-201000093,field_worker,org-10
state-1-u201000094@org10,1900-01-01T00:00:00.000Z,,1.0,device-10-201000094,field_worker,org-10
state-1-u201000095@org10,1900-01-01T00:00:00.000Z,,1.0,device-10-201000095,field_worker,org-10
state-1-u201000096@org10,1900-01-01T00:00:00.000Z,,1.0,device-10-201000096,field_worker,org-10
state-1-u201000097@org10,1900-01-01T00:00:00.000Z,,1.0,device-10-201000097,field_worker,org-10
state-1-u201000098@org10,1900-01-01T00:00:00.000Z,,1.0,device-10-201000098,field_worker,org-10
state-1-u201000099@org10,1900-01-01T00:00:00.000Z,,1.0,device-10-201000099,field_worker,org-10
state-1-u201000100@org10,1900-01-01T00:00:00.000Z,,1.0,device-10-201000100,field_worker,org-10
state-1-u201000101@org10,1900-01-01T00:00:00.000Z,,1.0,device-10-201000101,field_worker,org-10
state-1-u201000102@org10,1900-01-01T00:00:00.000Z,,1.0,device-10-201000102,field_worker,org-10
state-1-u201000103@org10,1900-01-01T00:00:00.000Z,,1.0,device-10-201000103,field_worker,org-10
state-1-u201000104@org10,1900-01-01T00:00:00.000Z,,1.0,device-10-201000104,field_worker,org-10
state-1-u201000105@org10,1900-01-01T00:00:00.000Z,,1.0,device-10-201000105,field_worker,org-10
state-1-u201000106@org10,1900-01-01T00:00:00.000Z,,1.0,device-10-201000106,field_worker,org-10
state-1-u201000107@org10,1900-01-01T00:00:00.000Z,,1.0,device-10-201000107,field_worker,org-10
state-1-u201000108@org10,1900-01-01T00:00:00.000Z,,1.0,device-10-201000108,field_worker,org-10
state-1-u201000109@org10,1900-01-01T00:00:00.000Z,,1.0,device-10-201000109,field_worker,org-10
state-1-u201000110@org10,1900-01-01T00:00:00.000Z,,1.0,device-10-201000110,field_worker,org-10
state-1-u201000111@org10,1900-01-01T00:00:00.000Z,,1.0,device-10-201000111,field_worker,org-10
state-1-u201000112@org10,1900-01-01T00:00:00.000Z,,1.0,device-10-201000112,field_worker,org-10
state-1-u201000113@org10,1900-01-01T00:00:00.000Z,,1.0,device-10-201000113,field_worker,org-10
state-1-u201000114@org10,1900-01-01T00:00:00.000Z,,1.0,device-10-201000114,field_worker,org-10
state-1-u201000115@org10,1900-01-01T00:00:00.000Z,,1.0,device-10-201000115,field_worker,org-10
state-1-u201000116@org10,1900-01-01T00:00:00.000Z,,1.0,device-10-201000116,field_worker,org-10
state-1-u201000117@org10,1900-01-01T00:00:00.000Z,,1.0,device-10-201000117,field_worker,org-10
state-1-u201000118@org10,1900-01-01T00:00:00.000Z,,1.0,device-10-201000118,field_worker,org-10
state-1-u201000119@org10,1900-01-01T00:00:00.000Z,,1.0,device-10-201000119,field_worker,org-10
state-1-u201000120@org10,1900-01-01T00:00:00.000Z,,1.0,device-10-201000120,field_worker,org-10
state-1-u201000121@org10,1900-01-01T00:00:00.000Z,,1.0,device-10-201000121,field_worker,org-10
state-1-u201000122@org10,1900-01-01T00:00:00.000Z,,1.0,device-10-201000122,field_worker,org-10
state-1-u201000123@org10,1900-01-01T00:00:00.000Z,,1.0,device-10-201000123,field_worker,org-10
state-1-u201000124@org10,1900-01-01T00:00:00.000Z,,1.0,device-10-201000124,field_worker,org-10
state-1-u201000125@org10,1900-01-01T00:00:00.000Z,,1.0,device-10-201000125,field_worker,org-10
state-1-u201000126@org10,1900-01-01T00:00:00.000Z,,1.0,device-10-201000126,field_worker,org-10
state-1-u201000127@org10,1900-01-01T00:00:00.000Z,,1.0,device-10-201000127,field_worker,org-10
state-1-u201000128@org10,1900-01-01T00:00:00.000Z,,1.0,device-10-201000128,field_worker,org-10
state-1-u201000129@org10,1900-01-01T00:00:00.000Z,,1.0,device-10-201000129,field_worker,org-10
state-1-u201000130@org10,1900-01-01T00:00:00.000Z,,1.0,device-10-201000130,field_worker,org-10
state-1-u201000131@org10,1900-01-01T00:00:00.000Z,,1.0,device-10-201000131,field_worker,org-10
state-1-u201000132@org10,1900-01-01T00:00:00.000Z,,1.0,device-10-201000132,field_worker,org-10
state-1-u201000133@org10,1900-01-01T00:00:00.000Z,,1.0,device-10-201000133,field_worker,org-10
state-1-u201000134@org10,1900-01-01T00:00:00.000Z,,1.0,device-10-201000134,field_worker,org-10
state-1-u201000135@org10,1900-01-01T00:00:00.000Z,,1.0,device-10-201000135,field_worker,org-10
state-1-u201000136@org10,1900-01-01T00:00:00.000Z,,1.0,device-10-201000136,field_worker,org-10
state-1-u201000137@org10,1900-01-01T00:00:00.000Z,,1.0,device-10-201000137,field_worker,org-10
state-1-u201000138@org10,1900-01-01T00:00:00.000Z,,1.0,device-10-201000138,field_worker,org-10
state-1-u201000139@org10,1900-01-01T00:00:00.000Z,,1.0,device-10-201000139,field_worker,org-10
state-1-u201000140@org10,1900-01-01T00:00:00.000Z,,1.0,device-10-201000140,field_worker,org-10
state-1-u201000141@org10,1900-01-01T00:00:00.000Z,,1.0,device-10-201000141,field_worker,org-10
state-1-u201000142@org10,1900-01-01T00:00:00.000Z,,1.0,device-10-201000142,field_worker,org-10
state-1-u201000143@org10,1900-01-01T00:00:00.000Z,,1.0,device-10-201000143,field_worker,org-10
state-1-u201000144@org10,1900-01-01T00:00:00.000Z,,1.0,device-10-201000144,field_worker,org-10
state-1-u201000145@org10,1900-01-01T00:00:00.000Z,,1.0,device-10-201000145,field_worker,org-10
state-1-u201000146@org10,1900-01-01T00:00:00.000Z,,1.0,device-10-201000146,field_worker,org-10
state-1-u201000147@org10,1900-01-01T00:00:00.000Z,,1.0,device-10-201000147,field_worker,org-10
state-1-u201000148@org10,1900-01-01T00:00:00.000Z,,1.0,device-10-201000148,field_worker,org-10
state-1-u201000149@org10,1900-01-01T00:00:00.000Z,,1.0,device-10-201000149,field_worker,org-10
state-1-u201000150@org10,1900-01-01T00:00:00.000Z,,1.0,device-10-201000150,field_worker,org-10
state-1-u201000151@org10,1900-01-01T00:00:00.000Z,,1.0,device-10-201000151,field_worker,org-10
state-1-u201000152@org10,1900-01-01T00:00:00.000Z,,1.0,device-10-201000152,field_worker,org-10
state-1-u201000153@org10,1900-01-01T00:00:00.000Z,,1.0,device-10-201000153,field_worker,org-10
state-1-u201000154@org10,1900-01-01T00:00:00.000Z,,1.0,device-10-201000154,field_worker,org-10
state-1-u201000155@org10,1900-01-01T00:00:00.000Z,,1.0,device-10-201000155,field_worker,org-10
state-1-u201000156@org10,1900-01-01T00:00:00.000Z,,1.0,device-10-201000156,field_worker,org-10
state-1-u201000157@org10,1900-01-01T00:00:00.000Z,,1.0,device-10-201000157,field_worker,org-10
state-1-u201000158@org10,1900-01-01T00:00:00.000Z,,1.0,device-10-201000158,field_worker,org-10
state-1-u201000159@org10,1900-01-01T00:00:00.000Z,,1.0,device-10-201000159,field_worker,org-10
state-1-u201000160@org10,1900-01-01T00:00:00.000Z,,1.0,device-10-201000160,field_worker,org-10
state-1-u201000161@org10,1900-01-01T00:00:00.000Z,,1.0,device-10-201000161,field_worker,org-10
state-1-u201000162@org10,1900-01-01T00:00:00.000Z,,1.0,device-10-201000162,field_worker,org-10
state-1-u201000163@org10,1900-01-01T00:00:00.000Z,,1.0,device-10-201000163,field_worker,org-10
state-1-u201000164@org10,1900-01-01T00:00:00.000Z,,1.0,device-10-201000164,field_worker,org-10
state-1-u201000165@org10,1900-01-01T00:00:00.000Z,,1.0,device-10-201000165,field_worker,org-10
state-1-u201000166@org10,1900-01-01T00:00:00.000Z,,1.0,device-10-201000166,field_worker,org-10
state-1-u201000167@org10,1900-01-01T00:00:00.000Z,,1.0,device-10-201000167,field_worker,org-10
state-1-u201000168@org10,1900-01-01T00:00:00.000Z,,1.0,device-10-201000168,field_worker,org-10
state-1-u201000169@org10,1900-01-01T00:00:00.000Z,,1.0,device-10-201000169,field_worker,org-10
state-1-u201000170@org10,1900-01-01T00:00:00.000Z,,1.0,device-10-201000170,field_worker,org-10
state-1-u201000171@org10,1900-01-01T00:00:00.000Z,,1.0,device-10-201000171,field_worker,org-10
state-1-u201000172@org10,1900-01-01T00:00:00.000Z,,1.0,device-10-201000172,field_worker,org-10
state-1-u201000173@org10,1900-01-01T00:00:00.000Z,,1.0,device-10-201000173,field_worker,org-10
state-1-u201000174@org10,1900-01-01T00:00:00.000Z,,1.0,device-10-201000174,field_worker,org-10
state-1-u201000175@org10,1900-01-01T00:00:00.000Z,,1.0,device-10-201000175,field_worker,org-10
state-1-u201000176@org10,1900-01-01T00:00:00.000Z,,1.0,device-10-201000176,field_worker,org-10
state-1-u201000177@org10,1900-01-01T00:00:00.000Z,,1.0,device-10-201000177,field_worker,org-10
state-1-u201000178@org10,1900-01-01T00:00:00.000Z,,1.0,device-10-201000178,field_worker,org-10
state-1-u201000179@org10,1900-01-01T00:00:00.000Z,,1.0,device-10-201000179,field_worker,org-10
state-1-u201000180@org10,1900-01-01T00:00:00.000Z,,1.0,device-10-201000180,field_worker,org-10
state-1-u201000181@org10,1900-01-01T00:00:00.000Z,,1.0,device-10-201000181,field_worker,org-10
state-1-u201000182@org10,1900-01-01T00:00:00.000Z,,1.0,device-10-201000182,field_worker,org-10
state-1-u201000183@org10,1900-01-01T00:00:00.000Z,,1.0,device-10-201000183,field_worker,org-10
state-1-u201000184@org10,1900-01-01T00:00:00.000Z,,1.0,device-10-201000184,field_worker,org-10
state-1-u201000185@org10,1900-01-01T00:00:00.000Z,,1.0,device-10-201000185,field_worker,org-10
state-1-u201000186@org10,1900-01-01T00:00:00.000Z,,1.0,device-10-201000186,field_worker,org-10
state-1-u201000187@org10,1900-01-01T00:00:00.000Z,,1.0,device-10-201000187,field_worker,org-10
state-1-u201000188@org10,1900-01-01T00:00:00.000Z,,1.0,device-10-201000188,field_worker,org-10
state-1-u201000189@org10,1900-01-01T00:00:00.000Z,,1.0,device-10-201000189,field_worker,org-10
state-1-u201000190@org10,1900-01-01T00:00:00.000Z,,1.0,device-10-201000190,field_worker,org-10
state-1-u201000191@org10,1900-01-01T00:00:00.000Z,,1.0,device-10-201000191,field_worker,org-10
state-1-u201000192@org10,1900-01-01T00:00:00.000Z,,1.0,device-10-201000192,field_worker,org-10
state-1-u201000193@org10,1900-01-01T00:00:00.000Z,,1.0,device-10-201000193,field_worker,org-10
state-1-u201000194@org10,1900-01-01T00:00:00.000Z,,1.0,device-10-201000194,field_worker,org-10
state-1-u201000195@org10,1900-01-01T00:00:00.000Z,,1.0,device-10-201000195,field_worker,org-10
state-1-u201000196@org10,1900-01-01T00:00:00.000Z,,1.0,device-10-201000196,field_worker,org-10
state-1-u201000197@org10,1900-01-01T00:00:00.000Z,,1.0,device-10-201000197,field_worker,org-10
state-1-u201000198@org10,1900-01-01T00:00:00.000Z,,1.0,device-10-201000198,field_worker,org-10
state-1-u201000199@org10,1900-01-01T00:00:00.000Z,,1.0,device-10-201000199,field_worker,org-10
state-1-u201000200@org10,1900-01-01T00:00:00.000Z,,1.0,device-10-201000200,field_worker,org-10
state-1-u201000201@org10,1900-01-01T00:00:00.000Z,,1.0,device-10-201000201,field_worker,org-10
state-1-u201000202@org10,1900-01-01T00:00:00.000Z,,1.0,device-10-201000202,field_worker,org-10
state-1-u201000203@org10,1900-01-01T00:00:00.000Z,,1.0,device-10-201000203,field_worker,org-10
state-1-u201000204@org10,1900-01-01T00:00:00.000Z,,1.0,device-10-201000204,field_worker,org-10
state-1-u201000205@org10,1900-01-01T00:00:00.000Z,,1.0,device-10-201000205,field_worker,org-10
state-1-u201000206@org10,1900-01-01T00:00:00.000Z,,1.0,device-10-201000206,field_worker,org-10
state-1-u201000207@org10,1900-01-01T00:00:00.000Z,,1.0,device-10-201000207,field_worker,org-10
state-1-u201000208@org10,1900-01-01T00:00:00.000Z,,1.0,device-10-201000208,field_worker,org-10
state-1-u201000209@org10,1900-01-01T00:00:00.000Z,,1.0,device-10-201000209,field_worker,org-10
state-1-u201000210@org10,1900-01-01T00:00:00.000Z,,1.0,device-10-201000210,field_worker,org-10
state-1-u201000211@org10,1900-01-01T00:00:00.000Z,,1.0,device-10-201000211,field_worker,org-10
state-1-u201000212@org10,1900-01-01T00:00:00.000Z,,1.0,device-10-201000212,field_worker,org-10
state-1-u201000213@org10,1900-01-01T00:00:00.000Z,,1.0,device-10-201000213,field_worker,org-10
state-1-u201000214@org10,1900-01-01T00:00:00.000Z,,1.0,device-10-201000214,field_worker,org-10
state-1-u201000215@org10,1900-01-01T00:00:00.000Z,,1.0,device-10-201000215,field_worker,org-10
state-1-u201000216@org10,1900-01-01T00:00:00.000Z,,1.0,device-10-201000216,field_worker,org-10
state-1-u201000217@org10,1900-01-01T00:00:00.000Z,,1.0,device-10-201000217,field_worker,org-10
state-1-u201000218@org10,1900-01-01T00:00:00.000Z,,1.0,device-10-201000218,field_worker,org-10
state-1-u201000219@org10,1900-01-01T00:00:00.000Z,,1.0,device-10-201000219,field_worker,org-10
state-1-u201000220@org10,1900-01-01T00:00:00.000Z,,1.0,device-10-201000220,field_worker,org-10
state-1-u201000221@org10,1900-01-01T00:00:00.000Z,,1.0,device-10-201000221,field_worker,org-10
state-1-u201000222@org10,1900-01-01T00:00:00.000Z,,1.0,device-10-201000222,field_worker,org-10
state-1-u201000223@org10,1900-01-01T00:00:00.000Z,,1.0,device-10-201000223,field_worker,org-10
state-1-u201000224@org10,1900-01-01T00:00:00.000Z,,1.0,device-10-201000224,field_worker,org-10
state-1-u201000225@org10,1900-01-01T00:00:00.000Z,,1.0,device-10-201000225,field_worker,org-10
state-1-u201000226@org10,1900-01-01T00:00:00.000Z,,1.0,device-10-201000226,field_worker,org-10
state-1-u201000227@org10,1900-01-01T00:00:00.000Z,,1.0,device-10-201000227,field_worker,org-10
state-1-u201000228@org10,1900-01-01T00:00:00.000Z,,1.0,device-10-201000228,field_worker,org-10
state-1-u201000229@org10,1900-01-01T00:00:00.000Z,,1.0,device-10-201000229,field_worker,org-10
state-1-u201000230@org10,1900-01-01T00:00:00.000Z,,1.0,device-10-201000230,field_worker,org-10
state-1-u201000231@org10,1900-01-01T00:00:00.000Z,,1.0,device-10-201000231,field_worker,org-10
state-1-u201000232@org10,1900-01-01T00:00:00.000Z,,1.0,device-10-201000232,field_worker,org-10
state-1-u201000233@org10,1900-01-01T00:00:00.000Z,,1.0,device-10-201000233,field_worker,org-10
state-1-u201000234@org10,1900-01-01T00:00:00.000Z,,1.0,device-10-201000234,field_worker,org-10
state-1-u201000235@org10,1900-01-01T00:00:00.000Z,,1.0,device-10-201000235,field_worker,org-10
state-1-u201000236@org10,1900-01-01T00:00:00.000Z,,1.0,device-10-201000236,field_worker,org-10
state-1-u201000237@org10,1900-01-01T00:00:00.000Z,,1.0,device-10-201000237,field_worker,org-10
state-1-u201000238@org10,1900-01-01T00:00:00.000Z,,1.0,device-10-201000238,field_worker,org-10
state-1-u201000239@org10,1900-01-01T00:00:00.000Z,,1.0,device-10-201000239,field_worker,org-10
state-1-u201000240@org10,1900-01-01T00:00:00.000Z,,1.0,device-10-201000240,field_worker,org-10
state-1-u201000241@org10,1900-01-01T00:00:00.000Z,,1.0,device-10-201000241,field_worker,org-10
state-1-u201000242@org10,1900-01-01T00:00:00.000Z,,1.0,device-10-201000242,field_worker,org-10
state-1-u201000243@org10,1900-01-01T00:00:00.000Z,,1.0,device-10-201000243,field_worker,org-10
state-1-u201000244@org10,1900-01-01T00:00:00.000Z,,1.0,device-10-201000244,field_worker,org-10
state-1-u201000245@org10,1900-01-01T00:00:00.000Z,,1.0,device-10-201000245,field_worker,org-10
state-1-u201000246@org10,1900-01-01T00:00:00.000Z,,1.0,device-10-201000246,field_worker,org-10
state-1-u201000247@org10,1900-01-01T00:00:00.000Z,,1.0,device-10-201000247,field_worker,org-10
state-1-u201000248@org10,1900-01-01T00:00:00.000Z,,1.0,device-10-201000248,field_worker,org-10
state-1-u201000249@org10,1900-01-01T00:00:00.000Z,,1.0,device-10-201000249,field_worker,org-10
state-1-u201000250@org10,1900-01-01T00:00:00.000Z,,1.0,device-10-201000250,field_worker,org-10
state-1-u201000251@org10,1900-01-01T00:00:00.000Z,,1.0,device-10-201000251,field_worker,org-10
state-1-u201000252@org10,1900-01-01T00:00:00.000Z,,1.0,device-10-201000252,field_worker,org-10
state-1-u201000253@org10,1900-01-01T00:00:00.000Z,,1.0,device-10-201000253,field_worker,org-10
state-1-u201000254@org10,1900-01-01T00:00:00.000Z,,1.0,device-10-201000254,field_worker,org-10
state-1-u201000255@org10,1900-01-01T00:00:00.000Z,,1.0,device-10-201000255,field_worker,org-10
state-1-u201000256@org10,1900-01-01T00:00:00.000Z,,1.0,device-10-201000256,field_worker,org-10
state-1-u201000257@org10,1900-01-01T00:00:00.000Z,,1.0,device-10-201000257,field_worker,org-10
state-1-u201000258@org10,1900-01-01T00:00:00.000Z,,1.0,device-10-201000258,field_worker,org-10
state-1-u201000259@org10,1900-01-01T00:00:00.000Z,,1.0,device-10-201000259,field_worker,org-10
state-1-u201000260@org10,1900-01-01T00:00:00.000Z,,1.0,device-10-201000260,field_worker,org-10
state-1-u201000261@org10,1900-01-01T00:00:00.000Z,,1.0,device-10-201000261,field_worker,org-10
state-1-u201000262@org10,1900-01-01T00:00:00.000Z,,1.0,device-10-201000262,field_worker,org-10
state-1-u201000263@org10,1900-01-01T00:00:00.000Z,,1.0,device-10-201000263,field_worker,org-10
state-1-u201000264@org10,1900-01-01T00:00:00.000Z,,1.0,device-10-201000264,field_worker,org-10
state-1-u201000265@org10,1900-01-01T00:00:00.000Z,,1.0,device-10-201000265,field_worker,org-10
state-1-u201000266@org10,1900-01-01T00:00:00.000Z,,1.0,device-10-201000266,field_worker,org-10
state-1-u201000267@org10,1900-01-01T00:00:00.000Z,,1.0,device-10-201000267,field_worker,org-10
state-1-u201000268@org10,1900-01-01T00:00:00.000Z,,1.0,device-10-201000268,field_worker,org-10
state-1-u201000269@org10,1900-01-01T00:00:00.000Z,,1.0,device-10-201000269,field_worker,org-10
state-1-u201000270@org10,1900-01-01T00:00:00.000Z,,1.0,device-10-201000270,field_worker,org-10
state-1-u201000271@org10,1900-01-01T00:00:00.000Z,,1.0,device-10-201000271,field_worker,org-10
state-1-u201000272@org10,1900-01-01T00:00:00.000Z,,1.0,device-10-201000272,field_worker,org-10
state-1-u201000273@org10,1900-01-01T00:00:00.000Z,,1.0,device-10-201000273,field_worker,org-10
state-1-u201000274@org10,1900-01-01T00:00:00.000Z,,1.0,device-10-201000274,field_worker,org-10
state-1-u201000275@org10,1900-01-01T00:00:00.000Z,,1.0,device-10-201000275,field_worker,org-10
state-1-u201000276@org10,1900-01-01T00:00:00.000Z,,1.0,device-10-201000276,field_worker,org-10
state-1-u201000277@org10,1900-01-01T00:00:00.000Z,,1.0,device-10-201000277,field_worker,org-10
state-1-u201000278@org10,1900-01-01T00:00:00.000Z,,1.0,device-10-201000278,field_worker,org-10
state-1-u201000279@org10,1900-01-01T00:00:00.000Z,,1.0,device-10-201000279,field_worker,org-10
state-1-u201000280@org10,1900-01-01T00:00:00.000Z,,1.0,device-10-201000280,field_worker,org-10
state-1-u201000281@org10,1900-01-01T00:00:00.000Z,,1.0,device-10-201000281,field_worker,org-10
state-1-u201000282@org10,1900-01-01T00:00:00.000Z,,1.0,device-10-201000282,field_worker,org-10
state-1-u201000283@org10,1900-01-01T00:00:00.000Z,,1.0,device-10-201000283,field_worker,org-10
state-1-u201000284@org10,1900-01-01T00:00:00.000Z,,1.0,device-10-201000284,field_worker,org-10
state-1-u201000285@org10,1900-01-01T00:00:00.000Z,,1.0,device-10-201000285,field_worker,org-10
state-1-u201000286@org10,1900-01-01T00:00:00.000Z,,1.0,device-10-201000286,field_worker,org-10
state-1-u201000287@org10,1900-01-01T00:00:00.000Z,,1.0,device-10-201000287,field_worker,org-10
state-1-u201000288@org10,1900-01-01T00:00:00.000Z,,1.0,device-10-201000288,field_worker,org-10
state-1-u201000289@org10,1900-01-01T00:00:00.000Z,,1.0,device-10-201000289,field_worker,org-10
state-1-u201000290@org10,1900-01-01T00:00:00.000Z,,1.0,device-10-201000290,field_worker,org-10
state-1-u201000291@org10,1900-01-01T00:00:00.000Z,,1.0,device-10-201000291,field_worker,org-10
state-1-u201000292@org10,1900-01-01T00:00:00.000Z,,1.0,device-10-201000292,field_worker,org-10
state-1-u201000293@org10,1900-01-01T00:00:00.000Z,,1.0,device-10-201000293,field_worker,org-10
state-1-u201000294@org10,1900-01-01T00:00:00.000Z,,1.0,device-10-201000294,field_worker,org-10
state-1-u201000295@org10,1900-01-01T00:00:00.000Z,,1.0,device-10-201000295,field_worker,org-10
state-1-u201000296@org10,1900-01-01T00:00:00.000Z,,1.0,device-10-201000296,field_worker,org-10
state-1-u201000297@org10,1900-01-01T00:00:00.000Z,,1.0,device-10-201000297,field_worker,org-10
state-1-u201000298@org10,1900-01-01T00:00:00.000Z,,1.0,device-10-201000298,field_worker,org-10
state-1-u201000299@org10,1900-01-01T00:00:00.000Z,,1.0,device-10-201000299,field_worker,org-10
state-1-u201000300@org10,1900-01-01T00:00:00.000Z,,1.0,device-10-201000300,field_worker,org-10
state-1-u201000301@org10,1900-01-01T00:00:00.000Z,,1.0,device-10-201000301,field_worker,org-10
state-1-u201000302@org10,1900-01-01T00:00:00.000Z,,1.0,device-10-201000302,field_worker,org-10
state-1-u201000303@org10,1900-01-01T00:00:00.000Z,,1.0,device-10-201000303,field_worker,org-10
state-1-u201000304@org10,1900-01-01T00:00:00.000Z,,1.0,device-10-201000304,field_worker,org-10
state-1-u201000305@org10,1900-01-01T00:00:00.000Z,,1.0,device-10-201000305,field_worker,org-10
state-1-u201000306@org10,1900-01-01T00:00:00.000Z,,1.0,device-10-201000306,field_worker,org-10
state-1-u201000307@org10,1900-01-01T00:00:00.000Z,,1.0,device-10-201000307,field_worker,org-10
state-1-u201000308@org10,1900-01-01T00:00:00.000Z,,1.0,device-10-201000308,field_worker,org-10
state-1-u201000309@org10,1900-01-01T00:00:00.000Z,,1.0,device-10-201000309,field_worker,org-10
state-1-u201000310@org10,1900-01-01T00:00:00.000Z,,1.0,device-10-201000310,field_worker,org-10
state-1-u201000311@org10,1900-01-01T00:00:00.000Z,,1.0,device-10-201000311,field_worker,org-10
state-1-u201000312@org10,1900-01-01T00:00:00.000Z,,1.0,device-10-201000312,field_worker,org-10
state-1-u201000313@org10,1900-01-01T00:00:00.000Z,,1.0,device-10-201000313,field_worker,org-10
state-1-u201000314@org10,1900-01-01T00:00:00.000Z,,1.0,device-10-201000314,field_worker,org-10
state-1-u201000315@org10,1900-01-01T00:00:00.000Z,,1.0,device-10-201000315,field_worker,org-10
state-1-u201000316@org10,1900-01-01T00:00:00.000Z,,1.0,device-10-201000316,field_worker,org-10
state-1-u201000317@org10,1900-01-01T00:00:00.000Z,,1.0,device-10-201000317,field_worker,org-10
state-1-u201000318@org10,1900-01-01T00:00:00.000Z,,1.0,device-10-201000318,field_worker,org-10
state-1-u201000319@org10,1900-01-01T00:00:00.000Z,,1.0,device-10-201000319,field_worker,org-10
state-1-u201000320@org10,1900-01-01T00:00:00.000Z,,1.0,device-10-201000320,field_worker,org-10
state-1-u201000321@org10,1900-01-01T00:00:00.000Z,,1.0,device-10-201000321,field_worker,org-10
state-1-u201000322@org10,1900-01-01T00:00:00.000Z,,1.0,device-10-201000322,field_worker,org-10
state-1-u201000323@org10,1900-01-01T00:00:00.000Z,,1.0,device-10-201000323,field_worker,org-10
state-1-u201000324@org10,1900-01-01T00:00:00.000Z,,1.0,device-10-201000324,field_worker,org-10
state-1-u201000325@org10,1900-01-01T00:00:00.000Z,,1.0,device-10-201000325,field_worker,org-10
state-1-u201000326@org10,1900-01-01T00:00:00.000Z,,1.0,device-10-201000326,field_worker,org-10
state-1-u201000327@org10,1900-01-01T00:00:00.000Z,,1.0,device-10-201000327,field_worker,org-10
state-1-u201000328@org10,1900-01-01T00:00:00.000Z,,1.0,device-10-201000328,field_worker,org-10
state-1-u201000329@org10,1900-01-01T00:00:00.000Z,,1.0,device-10-201000329,field_worker,org-10
state-1-u201000330@org10,1900-01-01T00:00:00.000Z,,1.0,device-10-201000330,field_worker,org-10
state-1-u201000331@org10,1900-01-01T00:00:00.000Z,,1.0,device-10-201000331,field_worker,org-10
state-1-u201000332@org10,1900-01-01T00:00:00.000Z,,1.0,device-10-201000332,field_worker,org-10
state-1-u201000333@org10,1900-01-01T00:00:00.000Z,,1.0,device-10-201000333,field_worker,org-10
state-1-u201000334@org10,1900-01-01T00:00:00.000Z,,1.0,device-10-201000334,field_worker,org-10
state-1-u201000335@org10,1900-01-01T00:00:00.000Z,,1.0,device-10-201000335,field_worker,org-10
state-1-u201000336@org10,1900-01-01T00:00:00.000Z,,1.0,device-10-201000336,field_worker,org-10
state-1-u201000337@org10,1900-01-01T00:00:00.000Z,,1.0,device-10-201000337,field_worker,org-10
state-1-u201000338@org10,1900-01-01T00:00:00.000Z,,1.0,device-10-201000338,field_worker,org-10
state-1-u201000339@org10,1900-01-01T00:00:00.000Z,,1.0,device-10-201000339,field_worker,org-10
state-1-u201000340@org10,1900-01-01T00:00:00.000Z,,1.0,device-10-201000340,field_worker,org-10
state-1-u201000341@org10,1900-01-01T00:00:00.000Z,,1.0,device-10-201000341,field_worker,org-10
state-1-u201000342@org10,1900-01-01T00:00:00.000Z,,1.0,device-10-201000342,field_worker,org-10
state-1-u201000343@org10,1900-01-01T00:00:00.000Z,,1.0,device-10-201000343,field_worker,org-10
state-1-u201000344@org10,1900-01-01T00:00:00.000Z,,1.0,device-10-201000344,field_worker,org-10
state-1-u201000345@org10,1900-01-01T00:00:00.000Z,,1.0,device-10-201000345,field_worker,org-10
state-1-u201000346@org10,1900-01-01T00:00:00.000Z,,1.0,device-10-201000346,field_worker,org-10
state-1-u201000347@org10,1900-01-01T00:00:00.000Z,,1.0,device-10-201000347,field_worker,org-10
state-1-u201000348@org10,1900-01-01T00:00:00.000Z,,1.0,device-10-201000348,field_worker,org-10
state-1-u201000349@org10,1900-01-01T00:00:00.000Z,,1.0,device-10-201000349,field_worker,org-10
state-1-u201000350@org10,1900-01-01T00:00:00.000Z,,1.0,device-10-201000350,field_worker,org-10
state-1-u201000351@org10,1900-01-01T00:00:00.000Z,,1.0,device-10-201000351,field_worker,org-10
state-1-u201000352@org10,1900-01-01T00:00:00.000Z,,1.0,device-10-201000352,field_worker,org-10
state-1-u201000353@org10,1900-01-01T00:00:00.000Z,,1.0,device-10-201000353,field_worker,org-10
state-1-u201000354@org10,1900-01-01T00:00:00.000Z,,1.0,device-10-201000354,field_worker,org-10
state-1-u201000355@org10,1900-01-01T00:00:00.000Z,,1.0,device-10-201000355,field_worker,org-10
state-1-u201000356@org10,1900-01-01T00:00:00.000Z,,1.0,device-10-201000356,field_worker,org-10
state-1-u201000357@org10,1900-01-01T00:00:00.000Z,,1.0,device-10-201000357,field_worker,org-10
state-1-u201000358@org10,1900-01-01T00:00:00.000Z,,1.0,device-10-201000358,field_worker,org-10
state-1-u201000359@org10,1900-01-01T00:00:00.000Z,,1.0,device-10-201000359,field_worker,org-10
state-1-u201000360@org10,1900-01-01T00:00:00.000Z,,1.0,device-10-201000360,field_worker,org-10
state-1-u201000361@org10,1900-01-01T00:00:00.000Z,,1.0,device-10-201000361,field_worker,org-10
state-1-u201000362@org10,1900-01-01T00:00:00.000Z,,1.0,device-10-201000362,field_worker,org-10
state-1-u201000363@org10,1900-01-01T00:00:00.000Z,,1.0,device-10-201000363,field_worker,org-10
state-1-u201000364@org10,1900-01-01T00:00:00.000Z,,1.0,device-10-201000364,field_worker,org-10
state-1-u201000365@org10,1900-01-01T00:00:00.000Z,,1.0,device-10-201000365,field_worker,org-10
state-1-u201000366@org10,1900-01-01T00:00:00.000Z,,1.0,device-10-201000366,field_worker,org-10
state-1-u201000367@org10,1900-01-01T00:00:00.000Z,,1.0,device-10-201000367,field_worker,org-10
state-1-u201000368@org10,1900-01-01T00:00:00.000Z,,1.0,device-10-201000368,field_worker,org-10
state-1-u201000369@org10,1900-01-01T00:00:00.000Z,,1.0,device-10-201000369,field_worker,org-10
state-1-u201000370@org10,1900-01-01T00:00:00.000Z,,1.0,device-10-201000370,field_worker,org-10
state-1-u201000371@org10,1900-01-01T00:00:00.000Z,,1.0,device-10-201000371,field_worker,org-10
state-1-u201000372@org10,1900-01-01T00:00:00.000Z,,1.0,device-10-201000372,field_worker,org-10
state-1-u201000373@org10,1900-01-01T00:00:00.000Z,,1.0,device-10-201000373,field_worker,org-10
state-1-u201000374@org10,1900-01-01T00:00:00.000Z,,1.0,device-10-201000374,field_worker,org-10
state-1-u201000375@org10,1900-01-01T00:00:00.000Z,,1.0,device-10-201000375,field_worker,org-10
state-1-u201000376@org10,1900-01-01T00:00:00.000Z,,1.0,device-10-201000376,field_worker,org-10
state-1-u201000377@org10,1900-01-01T00:00:00.000Z,,1.0,device-10-201000377,field_worker,org-10
state-1-u201000378@org10,1900-01-01T00:00:00.000Z,,1.0,device-10-201000378,field_worker,org-10
state-1-u201000379@org10,1900-01-01T00:00:00.000Z,,1.0,device-10-201000379,field_worker,org-10
state-1-u201000380@org10,1900-01-01T00:00:00.000Z,,1.0,device-10-201000380,field_worker,org-10
state-1-u201000381@org10,1900-01-01T00:00:00.000Z,,1.0,device-10-201000381,field_worker,org-10
state-1-u201000382@org10,1900-01-01T00:00:00.000Z,,1.0,device-10-201000382,field_worker,org-10
state-1-u201000383@org10,1900-01-01T00:00:00.000Z,,1.0,device-10-201000383,field_worker,org-10
state-1-u201000384@org10,1900-01-01T00:00:00.000Z,,1.0,device-10-201000384,field_worker,org-10
state-1-u201000385@org10,1900-01-01T00:00:00.000Z,,1.0,device-10-201000385,field_worker,org-10
state-1-u201000386@org10,1900-01-01T00:00:00.000Z,,1.0,device-10-201000386,field_worker,org-10
state-1-u201000387@org10,1900-01-01T00:00:00.000Z,,1.0,device-10-201000387,field_worker,org-10
state-1-u201000388@org10,1900-01-01T00:00:00.000Z,,1.0,device-10-201000388,field_worker,org-10
state-1-u201000389@org10,1900-01-01T00:00:00.000Z,,1.0,device-10-201000389,field_worker,org-10
state-1-u201000390@org10,1900-01-01T00:00:00.000Z,,1.0,device-10-201000390,field_worker,org-10
state-1-u201000391@org10,1900-01-01T00:00:00.000Z,,1.0,device-10-201000391,field_worker,org-10
state-1-u201000392@org10,1900-01-01T00:00:00.000Z,,1.0,device-10-201000392,field_worker,org-10
state-1-u201000393@org10,1900-01-01T00:00:00.000Z,,1.0,device-10-201000393,field_worker,org-10
state-1-u201000394@org10,1900-01-01T00:00:00.000Z,,1.0,device-10-201000394,field_worker,org-10
state-1-u201000395@org10,1900-01-01T00:00:00.000Z,,1.0,device-10-201000395,field_worker,org-10
state-1-u201000396@org10,1900-01-01T00:00:00.000Z,,1.0,device-10-201000396,field_worker,org-10
state-1-u201000397@org10,1900-01-01T00:00:00.000Z,,1.0,device-10-201000397,field_worker,org-10
state-1-u201000398@org10,1900-01-01T00:00:00.000Z,,1.0,device-10-201000398,field_worker,org-10
state-1-u201000399@org10,1900-01-01T00:00:00.000Z,,1.0,device-10-201000399,field_worker,org-10
state-1-u201000400@org10,1900-01-01T00:00:00.000Z,,1.0,device-10-201000400,field_worker,org-10
state-1-u201000401@org10,1900-01-01T00:00:00.000Z,,1.0,device-10-201000401,field_worker,org-10
state-1-u201000402@org10,1900-01-01T00:00:00.000Z,,1.0,device-10-201000402,field_worker,org-10
state-1-u201000403@org10,1900-01-01T00:00:00.000Z,,1.0,device-10-201000403,field_worker,org-10
state-1-u201000404@org10,1900-01-01T00:00:00.000Z,,1.0,device-10-201000404,field_worker,org-10
state-1-u201000405@org10,1900-01-01T00:00:00.000Z,,1.0,device-10-201000405,field_worker,org-10
state-1-u201000406@org10,1900-01-01T00:00:00.000Z,,1.0,device-10-201000406,field_worker,org-10
state-1-u201000407@org10,1900-01-01T00:00:00.000Z,,1.0,device-10-201000407,field_worker,org-10
state-1-u201000408@org10,1900-01-01T00:00:00.000Z,,1.0,device-10-201000408,field_worker,org-10
state-1-u201000409@org10,1900-01-01T00:00:00.000Z,,1.0,device-10-201000409,field_worker,org-10
state-1-u201000410@org10,1900-01-01T00:00:00.000Z,,1.0,device-10-201000410,field_worker,org-10
state-1-u201000411@org10,1900-01-01T00:00:00.000Z,,1.0,device-10-201000411,field_worker,org-10
state-1-u201000412@org10,1900-01-01T00:00:00.000Z,,1.0,device-10-201000412,field_worker,org-10
state-1-u201000413@org10,1900-01-01T00:00:00.000Z,,1.0,device-10-201000413,field_worker,org-10
state-1-u201000414@org10,1900-01-01T00:00:00.000Z,,1.0,device-10-201000414,field_worker,org-10
state-1-u201000415@org10,1900-01-01T00:00:00.000Z,,1.0,device-10-201000415,field_worker,org-10
state-1-u201000416@org10,1900-01-01T00:00:00.000Z,,1.0,device-10-201000416,field_worker,org-10
state-1-u201000417@org10,1900-01-01T00:00:00.000Z,,1.0,device-10-201000417,field_worker,org-10
state-1-u201000418@org10,1900-01-01T00:00:00.000Z,,1.0,device-10-201000418,field_worker,org-10
state-1-u201000419@org10,1900-01-01T00:00:00.000Z,,1.0,device-10-201000419,field_worker,org-10
state-1-u201000420@org10,1900-01-01T00:00:00.000Z,,1.0,device-10-201000420,field_worker,org-10
state-1-u201000421@org10,1900-01-01T00:00:00.000Z,,1.0,device-10-201000421,field_worker,org-10
state-1-u201000422@org10,1900-01-01T00:00:00.000Z,,1.0,device-10-201000422,field_worker,org-10
state-1-u201000423@org10,1900-01-01T00:00:00.000Z,,1.0,device-10-201000423,field_worker,org-10
state-1-u201000424@org10,1900-01-01T00:00:00.000Z,,1.0,device-10-201000424,field_worker,org-10
state-1-u201000425@org10,1900-01-01T00:00:00.000Z,,1.0,device-10-201000425,field_worker,org-10
state-1-u201000426@org10,1900-01-01T00:00:00.000Z,,1.0,device-10-201000426,field_worker,org-10
state-1-u201000427@org10,1900-01-01T00:00:00.000Z,,1.0,device-10-201000427,field_worker,org-10
state-1-u201000428@org10,1900-01-01T00:00:00.000Z,,1.0,device-10-201000428,field_worker,org-10
state-1-u201000429@org10,1900-01-01T00:00:00.000Z,,1.0,device-10-201000429,field_worker,org-10
state-1-u201000430@org10,1900-01-01T00:00:00.000Z,,1.0,device-10-201000430,field_worker,org-10
state-1-u201000431@org10,1900-01-01T00:00:00.000Z,,1.0,device-10-201000431,field_worker,org-10
state-1-u201000432@org10,1900-01-01T00:00:00.000Z,,1.0,device-10-201000432,field_worker,org-10
state-1-u201000433@org10,1900-01-01T00:00:00.000Z,,1.0,device-10-201000433,field_worker,org-10
state-1-u201000434@org10,1900-01-01T00:00:00.000Z,,1.0,device-10-201000434,field_worker,org-10
state-1-u201000435@org10,1900-01-01T00:00:00.000Z,,1.0,device-10-201000435,field_worker,org-10
state-1-u201000436@org10,1900-01-01T00:00:00.000Z,,1.0,device-10-201000436,field_worker,org-10
state-1-u201000437@org10,1900-01-01T00:00:00.000Z,,1.0,device-10-201000437,field_worker,org-10
state-1-u201000438@org10,1900-01-01T00:00:00.000Z,,1.0,device-10-201000438,field_worker,org-10
state-1-u201000439@org10,1900-01-01T00:00:00.000Z,,1.0,device-10-201000439,field_worker,org-10
state-1-u201000440@org10,1900-01-01T00:00:00.000Z,,1.0,device-10-201000440,field_worker,org-10
state-1-u201000441@org10,1900-01-01T00:00:00.000Z,,1.0,device-10-201000441,field_worker,org-10
state-1-u201000442@org10,1900-01-01T00:00:00.000Z,,1.0,device-10-201000442,field_worker,org-10
state-1-u201000443@org10,1900-01-01T00:00:00.000Z,,1.0,device-10-201000443,field_worker,org-10
state-1-u201000444@org10,1900-01-01T00:00:00.000Z,,1.0,device-10-201000444,field_worker,org-10
state-1-u201000445@org10,1900-01-01T00:00:00.000Z,,1.0,device-10-201000445,field_worker,org-10
state-1-u201000446@org10,1900-01-01T00:00:00.000Z,,1.0,device-10-201000446,field_worker,org-10
state-1-u201000447@org10,1900-01-01T00:00:00.000Z,,1.0,device-10-201000447,field_worker,org-10
state-1-u201000448@org10,1900-01-01T00:00:00.000Z,,1.0,device-10-201000448,field_worker,org-10
state-1-u201000449@org10,1900-01-01T00:00:00.000Z,,1.0,device-10-201000449,field_worker,org-10
state-1-u201000450@org10,1900-01-01T00:00:00.000Z,,1.0,device-10-201000450,field_worker,org-10
state-1-u201000451@org10,1900-01-01T00:00:00.000Z,,1.0,device-10-201000451,field_worker,org-10
state-1-u201000452@org10,1900-01-01T00:00:00.000Z,,1.0,device-10-201000452,field_worker,org-10
state-1-u201000453@org10,1900-01-01T00:00:00.000Z,,1.0,device-10-201000453,field_worker,org-10
state-1-u201000454@org10,1900-01-01T00:00:00.000Z,,1.0,device-10-201000454,field_worker,org-10
state-1-u201000455@org10,1900-01-01T00:00:00.000Z,,1.0,device-10-201000455,field_worker,org-10
state-1-u201000456@org10,1900-01-01T00:00:00.000Z,,1.0,device-10-201000456,field_worker,org-10
state-1-u201000457@org10,1900-01-01T00:00:00.000Z,,1.0,device-10-201000457,field_worker,org-10
state-1-u201000458@org10,1900-01-01T00:00:00.000Z,,1.0,device-10-201000458,field_worker,org-10
state-1-u201000459@org10,1900-01-01T00:00:00.000Z,,1.0,device-10-201000459,field_worker,org-10
state-1-u201000460@org10,1900-01-01T00:00:00.000Z,,1.0,device-10-201000460,field_worker,org-10
state-1-u201000461@org10,1900-01-01T00:00:00.000Z,,1.0,device-10-201000461,field_worker,org-10
state-1-u201000462@org10,1900-01-01T00:00:00.000Z,,1.0,device-10-201000462,field_worker,org-10
state-1-u201000463@org10,1900-01-01T00:00:00.000Z,,1.0,device-10-201000463,field_worker,org-10
state-1-u201000464@org10,1900-01-01T00:00:00.000Z,,1.0,device-10-201000464,field_worker,org-10
state-1-u201000465@org10,1900-01-01T00:00:00.000Z,,1.0,device-10-201000465,field_worker,org-10
state-1-u201000466@org10,1900-01-01T00:00:00.000Z,,1.0,device-10-201000466,field_worker,org-10
state-1-u201000467@org10,1900-01-01T00:00:00.000Z,,1.0,device-10-201000467,field_worker,org-10
state-1-u201000468@org10,1900-01-01T00:00:00.000Z,,1.0,device-10-201000468,field_worker,org-10
state-1-u201000469@org10,1900-01-01T00:00:00.000Z,,1.0,device-10-201000469,field_worker,org-10
state-1-u201000470@org10,1900-01-01T00:00:00.000Z,,1.0,device-10-201000470,field_worker,org-10
state-1-u201000471@org10,1900-01-01T00:00:00.000Z,,1.0,device-10-201000471,field_worker,org-10
state-1-u201000472@org10,1900-01-01T00:00:00.000Z,,1.0,device-10-201000472,field_worker,org-10
state-1-u201000473@org10,1900-01-01T00:00:00.000Z,,1.0,device-10-201000473,field_worker,org-10
state-1-u201000474@org10,1900-01-01T00:00:00.000Z,,1.0,device-10-201000474,field_worker,org-10
state-1-u201000475@org10,1900-01-01T00:00:00.000Z,,1.0,device-10-201000475,field_worker,org-10
state-1-u201000476@org10,1900-01-01T00:00:00.000Z,,1.0,device-10-201000476,field_worker,org-10
state-1-u201000477@org10,1900-01-01T00:00:00.000Z,,1.0,device-10-201000477,field_worker,org-10
state-1-u201000478@org10,1900-01-01T00:00:00.000Z,,1.0,device-10-201000478,field_worker,org-10
state-1-u201000479@org10,1900-01-01T00:00:00.000Z,,1.0,device-10-201000479,field_worker,org-10
state-1-u201000480@org10,1900-01-01T00:00:00.000Z,,1.0,device-10-201000480,field_worker,org-10
state-1-u201000481@org10,1900-01-01T00:00:00.000Z,,1.0,device-10-201000481,field_worker,org-10
state-1-u201000482@org10,1900-01-01T00:00:00.000Z,,1.0,device-10-201000482,field_worker,org-10
state-1-u201000483@org10,1900-01-01T00:00:00.000Z,,1.0,device-10-201000483,field_worker,org-10
state-1-u201000484@org10,1900-01-01T00:00:00.000Z,,1.0,device-10-201000484,field_worker,org-10
state-1-u201000485@org10,1900-01-01T00:00:00.000Z,,1.0,device-10-201000485,field_worker,org-10
state-1-u201000486@org10,1900-01-01T00:00:00.000Z,,1.0,device-10-201000486,field_worker,org-10
state-1-u201000487@org10,1900-01-01T00:00:00.000Z,,1.0,device-10-201000487,field_worker,org-10
state-1-u201000488@org10,1900-01-01T00:00:00.000Z,,1.0,device-10-201000488,field_worker,org-10
state-1-u201000489@org10,1900-01-01T00:00:00.000Z,,1.0,device-10-201000489,field_worker,org-10
state-1-u201000490@org10,1900-01-01T00:00:00.000Z,,1.0,device-10-201000490,field_worker,org-10
state-1-u201000491@org10,1900-01-01T00:00:00.000Z,,1.0,device-10-201000491,field_worker,org-10
state-1-u201000492@org10,1900-01-01T00:00:00.000Z,,1.0,device-10-201000492,field_worker,org-10
state-1-u201000493@org10,1900-01-01T00:00:00.000Z,,1.0,device-10-201000493,field_worker,org-10
state-1-u201000494@org10,1900-01-01T00:00:00.000Z,,1.0,device-10-201000494,field_worker,org-10
state-1-u201000495@org10,1900-01-01T00:00:00.000Z,,1.0,device-10-201000495,field_worker,org-10
state-1-u201000496@org10,1900-01-01T00:00:00.000Z,,1.0,device-10-201000496,field_worker,org-10
state-1-u201000497@org10,1900-01-01T00:00:00.000Z,,1.0,device-10-201000497,field_worker,org-10
state-1-u201000498@org10,1900-01-01T00:00:00.000Z,,1.0,device-10-201000498,field_worker,org-10
state-1-u201000499@org10,1900-01-01T00:00:00.000Z,,1.0,device-10-201000499,field_worker,org-10
state-1-u201000500@org10,1900-01-01T00:00:00.000Z,,1.0,device-10-201000500,field_worker,org-10
state-1-u201000501@org10,1900-01-01T00:00:00.000Z,,1.0,device-10-201000501,field_worker,org-10
state-1-u201000502@org10,1900-01-01T00:00:00.000Z,,1.0,device-10-201000502,supervisor,org-10
state-1-u201000503@org10,1900-01-01T00:00:00.000Z,,1.0,device-10-201000503,supervisor,org-10
state-1-u201000504@org10,1900-01-01T00:00:00.000Z,,1.0,device-10-201000504,supervisor,org-10
state-1-u201000505@org10,1900-01-01T00:00:00.000Z,,1.0,device-10-201000505,supervisor,org-10
state-1-u201000506@org10,1900-01-01T00:00:00.000Z,,1.0,device-10-201000506,supervisor,org-10
state-1-u201000507@org10,1900-01-01T00:00:00.000Z,,1.0,device-10-201000507,supervisor,org-10
state-1-u201000508@org10,1900-01-01T00:00:00.000Z,,1.0,device-10-201000508,supervisor,org-10
state-1-u201000509@org10,1900-01-01T00:00:00.000Z,,1.0,device-10-201000509,supervisor,org-10
state-1-u201000510@org10,1900-01-01T00:00:00.000Z,,1.0,device-10-201000510,supervisor,org-10
state-1-u201000511@org10,1900-01-01T00:00:00.000Z,,1.0,device-10-201000511,supervisor,org-10
state-1-u201000512@org10,1900-01-01T00:00:00.000Z,,1.0,device-10-201000512,supervisor,org-10
state-1-u201000513@org10,1900-01-01T00:00:00.000Z,,1.0,device-10-201000513,supervisor,org-10
state-1-u201000514@org10,1900-01-01T00:00:00.000Z,,1.0,device-10-201000514,supervisor,org-10
state-1-u201000515@org10,1900-01-01T00:00:00.000Z,,1.0,device-10-201000515,supervisor,org-10
state-1-u201000516@org10,1900-01-01T00:00:00.000Z,,1.0,device-10-201000516,supervisor,org-10
state-1-u201000517@org10,1900-01-01T00:00:00.000Z,,1.0,device-10-201000517,supervisor,org-10
state-1-u201000518@org10,1900-01-01T00:00:00.000Z,,1.0,device-10-201000518,supervisor,org-10
state-1-u201000519@org10,1900-01-01T00:00:00.000Z,,1.0,device-10-201000519,supervisor,org-10
state-1-u201000520@org10,1900-01-01T00:00:00.000Z,,1.0,device-10-201000520,supervisor,org-10
state-1-u201000521@org10,1900-01-01T00:00:00.000Z,,1.0,device-10-201000521,supervisor,org-10
state-1-u201000522@org10,1900-01-01T00:00:00.000Z,,1.0,device-10-201000522,supervisor,org-10
state-1-u201000523@org10,1900-01-01T00:00:00.000Z,,1.0,device-10-201000523,supervisor,org-10
state-1-u201000524@org10,1900-01-01T00:00:00.000Z,,1.0,device-10-201000524,supervisor,org-10
state-1-u201000525@org10,1900-01-01T00:00:00.000Z,,1.0,device-10-201000525,supervisor,org-10
state-1-u201000526@org10,1900-01-01T00:00:00.000Z,,1.0,device-10-201000526,supervisor,org-10
state-1-u201000527@org10,1900-01-01T00:00:00.000Z,,1.0,device-10-201000527,supervisor,org-10
state-1-u201000528@org10,1900-01-01T00:00:00.000Z,,1.0,device-10-201000528,supervisor,org-10
state-1-u201000529@org10,1900-01-01T00:00:00.000Z,,1.0,device-10-201000529,supervisor,org-10
state-1-u201000530@org10,1900-01-01T00:00:00.000Z,,1.0,device-10-201000530,supervisor,org-10
state-1-u201000531@org10,1900-01-01T00:00:00.000Z,,1.0,device-10-201000531,supervisor,org-10
state-1-u201000532@org10,1900-01-01T00:00:00.000Z,,1.0,device-10-201000532,supervisor,org-10
state-1-u201000533@org10,1900-01-01T00:00:00.000Z,,1.0,device-10-201000533,supervisor,org-10
state-1-u201000534@org10,1900-01-01T00:00:00.000Z,,1.0,device-10-201000534,supervisor,org-10
state-1-u201000535@org10,1900-01-01T00:00:00.000Z,,1.0,device-10-201000535,supervisor,org-10
state-1-u201000536@org10,1900-01-01T00:00:00.000Z,,1.0,device-10-201000536,supervisor,org-10
state-1-u201000537@org10,1900-01-01T00:00:00.000Z,,1.0,device-10-201000537,supervisor,org-10
state-1-u201000538@org10,1900-01-01T00:00:00.000Z,,1.0,device-10-201000538,supervisor,org-10
state-1-u201000539@org10,1900-01-01T00:00:00.000Z,,1.0,device-10-201000539,supervisor,org-10
state-1-u201000540@org10,1900-01-01T00:00:00.000Z,,1.0,device-10-201000540,supervisor,org-10
state-1-u201000541@org10,1900-01-01T00:00:00.000Z,,1.0,device-10-201000541,supervisor,org-10
state-2-u204600001@org11,1900-01-01T00:00:00.000Z,,1.0,device-11-204600001,field_worker,org-11
state-2-u204600002@org11,1900-01-01T00:00:00.000Z,,1.0,device-11-204600002,field_worker,org-11
state-2-u204600003@org11,1900-01-01T00:00:00.000Z,,1.0,device-11-204600003,field_worker,org-11
state-2-u204600004@org11,1900-01-01T00:00:00.000Z,,1.0,device-11-204600004,field_worker,org-11
state-2-u204600005@org11,1900-01-01T00:00:00.000Z,,1.0,device-11-204600005,field_worker,org-11
state-2-u204600006@org11,1900-01-01T00:00:00.000Z,,1.0,device-11-204600006,field_worker,org-11
state-2-u204600007@org11,1900-01-01T00:00:00.000Z,,1.0,device-11-204600007,field_worker,org-11
state-2-u204600008@org11,1900-01-01T00:00:00.000Z,,1.0,device-11-204600008,field_worker,org-11
state-2-u204600009@org11,1900-01-01T00:00:00.000Z,,1.0,device-11-204600009,field_worker,org-11
state-2-u204600010@org11,1900-01-01T00:00:00.000Z,,1.0,device-11-204600010,field_worker,org-11
state-2-u204600011@org11,1900-01-01T00:00:00.000Z,,1.0,device-11-204600011,field_worker,org-11
state-2-u204600012@org11,1900-01-01T00:00:00.000Z,,1.0,device-11-204600012,field_worker,org-11
state-2-u204600013@org11,1900-01-01T00:00:00.000Z,,1.0,device-11-204600013,field_worker,org-11
state-2-u204600014@org11,1900-01-01T00:00:00.000Z,,1.0,device-11-204600014,field_worker,org-11
state-2-u204600015@org11,1900-01-01T00:00:00.000Z,,1.0,device-11-204600015,field_worker,org-11
state-2-u204600016@org11,1900-01-01T00:00:00.000Z,,1.0,device-11-204600016,field_worker,org-11
state-2-u204600017@org11,1900-01-01T00:00:00.000Z,,1.0,device-11-204600017,field_worker,org-11
state-2-u204600018@org11,1900-01-01T00:00:00.000Z,,1.0,device-11-204600018,field_worker,org-11
state-2-u204600019@org11,1900-01-01T00:00:00.000Z,,1.0,device-11-204600019,field_worker,org-11
state-2-u204600020@org11,1900-01-01T00:00:00.000Z,,1.0,device-11-204600020,field_worker,org-11
state-2-u204600021@org11,1900-01-01T00:00:00.000Z,,1.0,device-11-204600021,field_worker,org-11
state-2-u204600022@org11,1900-01-01T00:00:00.000Z,,1.0,device-11-204600022,field_worker,org-11
state-2-u204600023@org11,1900-01-01T00:00:00.000Z,,1.0,device-11-204600023,field_worker,org-11
state-2-u204600024@org11,1900-01-01T00:00:00.000Z,,1.0,device-11-204600024,field_worker,org-11
state-2-u204600025@org11,1900-01-01T00:00:00.000Z,,1.0,device-11-204600025,field_worker,org-11
state-2-u204600026@org11,1900-01-01T00:00:00.000Z,,1.0,device-11-204600026,field_worker,org-11
state-2-u204600027@org11,1900-01-01T00:00:00.000Z,,1.0,device-11-204600027,field_worker,org-11
state-2-u204600028@org11,1900-01-01T00:00:00.000Z,,1.0,device-11-204600028,field_worker,org-11
state-2-u204600029@org11,1900-01-01T00:00:00.000Z,,1.0,device-11-204600029,field_worker,org-11
state-2-u204600030@org11,1900-01-01T00:00:00.000Z,,1.0,device-11-204600030,field_worker,org-11
state-2-u204600031@org11,1900-01-01T00:00:00.000Z,,1.0,device-11-204600031,field_worker,org-11
state-2-u204600032@org11,1900-01-01T00:00:00.000Z,,1.0,device-11-204600032,field_worker,org-11
state-2-u204600033@org11,1900-01-01T00:00:00.000Z,,1.0,device-11-204600033,field_worker,org-11
state-2-u204600034@org11,1900-01-01T00:00:00.000Z,,1.0,device-11-204600034,field_worker,org-11
state-2-u204600035@org11,1900-01-01T00:00:00.000Z,,1.0,device-11-204600035,field_worker,org-11
state-2-u204600036@org11,1900-01-01T00:00:00.000Z,,1.0,device-11-204600036,field_worker,org-11
state-2-u204600037@org11,1900-01-01T00:00:00.000Z,,1.0,device-11-204600037,field_worker,org-11
state-2-u204600038@org11,1900-01-01T00:00:00.000Z,,1.0,device-11-204600038,field_worker,org-11
state-2-u204600039@org11,1900-01-01T00:00:00.000Z,,1.0,device-11-204600039,field_worker,org-11
state-2-u204600040@org11,1900-01-01T00:00:00.000Z,,1.0,device-11-204600040,field_worker,org-11
state-2-u204600041@org11,1900-01-01T00:00:00.000Z,,1.0,device-11-204600041,field_worker,org-11
state-2-u204600042@org11,1900-01-01T00:00:00.000Z,,1.0,device-11-204600042,field_worker,org-11
state-2-u204600043@org11,1900-01-01T00:00:00.000Z,,1.0,device-11-204600043,field_worker,org-11
state-2-u204600044@org11,1900-01-01T00:00:00.000Z,,1.0,device-11-204600044,field_worker,org-11
state-2-u204600045@org11,1900-01-01T00:00:00.000Z,,1.0,device-11-204600045,field_worker,org-11
state-2-u204600046@org11,1900-01-01T00:00:00.000Z,,1.0,device-11-204600046,field_worker,org-11
state-2-u204600047@org11,1900-01-01T00:00:00.000Z,,1.0,device-11-204600047,field_worker,org-11
state-2-u204600048@org11,1900-01-01T00:00:00.000Z,,1.0,device-11-204600048,field_worker,org-11
state-2-u204600049@org11,1900-01-01T00:00:00.000Z,,1.0,device-11-204600049,field_worker,org-11
state-2-u204600050@org11,1900-01-01T00:00:00.000Z,,1.0,device-11-204600050,field_worker,org-11
state-2-u204600051@org11,1900-01-01T00:00:00.000Z,,1.0,device-11-204600051,field_worker,org-11
state-2-u204600052@org11,1900-01-01T00:00:00.000Z,,1.0,device-11-204600052,field_worker,org-11
state-2-u204600053@org11,1900-01-01T00:00:00.000Z,,1.0,device-11-204600053,field_worker,org-11
state-2-u204600054@org11,1900-01-01T00:00:00.000Z,,1.0,device-11-204600054,field_worker,org-11
state-2-u204600055@org11,1900-01-01T00:00:00.000Z,,1.0,device-11-204600055,field_worker,org-11
state-2-u204600056@org11,1900-01-01T00:00:00.000Z,,1.0,device-11-204600056,field_worker,org-11
state-2-u204600057@org11,1900-01-01T00:00:00.000Z,,1.0,device-11-204600057,field_worker,org-11
state-2-u204600058@org11,1900-01-01T00:00:00.000Z,,1.0,device-11-204600058,field_worker,org-11
state-2-u204600059@org11,1900-01-01T00:00:00.000Z,,1.0,device-11-204600059,field_worker,org-11
state-2-u204600060@org11,1900-01-01T00:00:00.000Z,,1.0,device-11-204600060,field_worker,org-11
state-2-u204600061@org11,1900-01-01T00:00:00.000Z,,1.0,device-11-204600061,field_worker,org-11
state-2-u204600062@org11,1900-01-01T00:00:00.000Z,,1.0,device-11-204600062,field_worker,org-11
state-2-u204600063@org11,1900-01-01T00:00:00.000Z,,1.0,device-11-204600063,field_worker,org-11
state-2-u204600064@org11,1900-01-01T00:00:00.000Z,,1.0,device-11-204600064,field_worker,org-11
state-2-u204600065@org11,1900-01-01T00:00:00.000Z,,1.0,device-11-204600065,field_worker,org-11
state-2-u204600066@org11,1900-01-01T00:00:00.000Z,,1.0,device-11-204600066,field_worker,org-11
state-2-u204600067@org11,1900-01-01T00:00:00.000Z,,1.0,device-11-204600067,field_worker,org-11
state-2-u204600068@org11,1900-01-01T00:00:00.000Z,,1.0,device-11-204600068,field_worker,org-11
state-2-u204600069@org11,1900-01-01T00:00:00.000Z,,1.0,device-11-204600069,field_worker,org-11
state-2-u204600070@org11,1900-01-01T00:00:00.000Z,,1.0,device-11-204600070,field_worker,org-11
state-2-u204600071@org11,1900-01-01T00:00:00.000Z,,1.0,device-11-204600071,field_worker,org-11
state-2-u204600072@org11,1900-01-01T00:00:00.000Z,,1.0,device-11-204600072,field_worker,org-11
state-2-u204600073@org11,1900-01-01T00:00:00.000Z,,1.0,device-11-204600073,field_worker,org-11
state-2-u204600074@org11,1900-01-01T00:00:00.000Z,,1.0,device-11-204600074,field_worker,org-11
state-2-u204600075@org11,1900-01-01T00:00:00.000Z,,1.0,device-11-204600075,field_worker,org-11
state-2-u204600076@org11,1900-01-01T00:00:00.000Z,,1.0,device-11-204600076,field_worker,org-11
state-2-u204600077@org11,1900-01-01T00:00:00.000Z,,1.0,device-11-204600077,field_worker,org-11
state-2-u204600078@org11,1900-01-01T00:00:00.000Z,,1.0,device-11-204600078,field_worker,org-11
state-2-u204600079@org11,1900-01-01T00:00:00.000Z,,1.0,device-11-204600079,field_worker,org-11
state-2-u204600080@org11,1900-01-01T00:00:00.000Z,,1.0,device-11-204600080,field_worker,org-11
state-2-u204600081@org11,1900-01-01T00:00:00.000Z,,1.0,device-11-204600081,field_worker,org-11
state-2-u204600082@org11,1900-01-01T00:00:00.000Z,,1.0,device-11-204600082,field_worker,org-11
state-2-u204600083@org11,1900-01-01T00:00:00.000Z,,1.0,device-11-204600083,field_worker,org-11
state-2-u204600084@org11,1900-01-01T00:00:00.000Z,,1.0,device-11-204600084,field_worker,org-11
state-2-u204600085@org11,1900-01-01T00:00:00.000Z,,1.0,device-11-204600085,field_worker,org-11
state-2-u204600086@org11,1900-01-01T00:00:00.000Z,,1.0,device-11-204600086,field_worker,org-11
state-2-u204600087@org11,1900-01-01T00:00:00.000Z,,1.0,device-11-204600087,field_worker,org-11
state-2-u204600088@org11,1900-01-01T00:00:00.000Z,,1.0,device-11-204600088,field_worker,org-11
state-2-u204600089@org11,1900-01-01T00:00:00.000Z,,1.0,device-11-204600089,field_worker,org-11
state-2-u204600090@org11,1900-01-01T00:00:00.000Z,,1.0,device-11-204600090,field_worker,org-11
state-2-u204600091@org11,1900-01-01T00:00:00.000Z,,1.0,device-11-204600091,field_worker,org-11
state-2-u204600092@org11,1900-01-01T00:00:00.000Z,,1.0,device-11-204600092,field_worker,org-11
state-2-u204600093@org11,1900-01-01T00:00:00.000Z,,1.0,device-11-204600093,field_worker,org-11
state-2-u204600094@org11,1900-01-01T00:00:00.000Z,,1.0,device-11-204600094,field_worker,org-11
state-2-u204600095@org11,1900-01-01T00:00:00.000Z,,1.0,device-11-204600095,field_worker,org-11
state-2-u204600096@org11,1900-01-01T00:00:00.000Z,,1.0,device-11-204600096,field_worker,org-11
state-2-u204600097@org11,1900-01-01T00:00:00.000Z,,1.0,device-11-204600097,field_worker,org-11
state-2-u204600098@org11,1900-01-01T00:00:00.000Z,,1.0,device-11-204600098,field_worker,org-11
state-2-u204600099@org11,1900-01-01T00:00:00.000Z,,1.0,device-11-204600099,field_worker,org-11
state-2-u204600100@org11,1900-01-01T00:00:00.000Z,,1.0,device-11-204600100,field_worker,org-11
state-2-u204600101@org11,1900-01-01T00:00:00.000Z,,1.0,device-11-204600101,field_worker,org-11
state-2-u204600102@org11,1900-01-01T00:00:00.000Z,,1.0,device-11-204600102,field_worker,org-11
state-2-u204600103@org11,1900-01-01T00:00:00.000Z,,1.0,device-11-204600103,field_worker,org-11
state-2-u204600104@org11,1900-01-01T00:00:00.000Z,,1.0,device-11-204600104,field_worker,org-11
state-2-u204600105@org11,1900-01-01T00:00:00.000Z,,1.0,device-11-204600105,field_worker,org-11
state-2-u204600106@org11,1900-01-01T00:00:00.000Z,,1.0,device-11-204600106,field_worker,org-11
state-2-u204600107@org11,1900-01-01T00:00:00.000Z,,1.0,device-11-204600107,field_worker,org-11
state-2-u204600108@org11,1900-01-01T00:00:00.000Z,,1.0,device-11-204600108,field_worker,org-11
state-2-u204600109@org11,1900-01-01T00:00:00.000Z,,1.0,device-11-204600109,field_worker,org-11
state-2-u204600110@org11,1900-01-01T00:00:00.000Z,,1.0,device-11-204600110,field_worker,org-11
state-2-u204600111@org11,1900-01-01T00:00:00.000Z,,1.0,device-11-204600111,field_worker,org-11
state-2-u204600112@org11,1900-01-01T00:00:00.000Z,,1.0,device-11-204600112,field_worker,org-11
state-2-u204600113@org11,1900-01-01T00:00:00.000Z,,1.0,device-11-204600113,field_worker,org-11
state-2-u204600114@org11,1900-01-01T00:00:00.000Z,,1.0,device-11-204600114,field_worker,org-11
state-2-u204600115@org11,1900-01-01T00:00:00.000Z,,1.0,device-11-204600115,field_worker,org-11
state-2-u204600116@org11,1900-01-01T00:00:00.000Z,,1.0,device-11-204600116,field_worker,org-11
state-2-u204600117@org11,1900-01-01T00:00:00.000Z,,1.0,device-11-204600117,field_worker,org-11
state-2-u204600118@org11,1900-01-01T00:00:00.000Z,,1.0,device-11-204600118,field_worker,org-11
state-2-u204600119@org11,1900-01-01T00:00:00.000Z,,1.0,device-11-204600119,field_worker,org-11
state-2-u204600120@org11,1900-01-01T00:00:00.000Z,,1.0,device-11-204600120,field_worker,org-11
state-2-u204600121@org11,1900-01-01T00:00:00.000Z,,1.0,device-11-204600121,field_worker,org-11
state-2-u204600122@org11,1900-01-01T00:00:00.000Z,,1.0,device-11-204600122,field_worker,org-11
state-2-u204600123@org11,1900-01-01T00:00:00.000Z,,1.0,device-11-204600123,field_worker,org-11
state-2-u204600124@org11,1900-01-01T00:00:00.000Z,,1.0,device-11-204600124,field_worker,org-11
state-2-u204600125@org11,1900-01-01T00:00:00.000Z,,1.0,device-11-204600125,field_worker,org-11
state-2-u204600126@org11,1900-01-01T00:00:00.000Z,,1.0,device-11-204600126,field_worker,org-11
state-2-u204600127@org11,1900-01-01T00:00:00.000Z,,1.0,device-11-204600127,field_worker,org-11
state-2-u204600128@org11,1900-01-01T00:00:00.000Z,,1.0,device-11-204600128,field_worker,org-11
state-2-u204600129@org11,1900-01-01T00:00:00.000Z,,1.0,device-11-204600129,field_worker,org-11
state-2-u204600130@org11,1900-01-01T00:00:00.000Z,,1.0,device-11-204600130,field_worker,org-11
state-2-u204600131@org11,1900-01-01T00:00:00.000Z,,1.0,device-11-204600131,field_worker,org-11
state-2-u204600132@org11,1900-01-01T00:00:00.000Z,,1.0,device-11-204600132,field_worker,org-11
state-2-u204600133@org11,1900-01-01T00:00:00.000Z,,1.0,device-11-204600133,field_worker,org-11
state-2-u204600134@org11,1900-01-01T00:00:00.000Z,,1.0,device-11-204600134,field_worker,org-11
state-2-u204600135@org11,1900-01-01T00:00:00.000Z,,1.0,device-11-204600135,field_worker,org-11
state-2-u204600136@org11,1900-01-01T00:00:00.000Z,,1.0,device-11-204600136,field_worker,org-11
state-2-u204600137@org11,1900-01-01T00:00:00.000Z,,1.0,device-11-204600137,field_worker,org-11
state-2-u204600138@org11,1900-01-01T00:00:00.000Z,,1.0,device-11-204600138,field_worker,org-11
state-2-u204600139@org11,1900-01-01T00:00:00.000Z,,1.0,device-11-204600139,field_worker,org-11
state-2-u204600140@org11,1900-01-01T00:00:00.000Z,,1.0,device-11-204600140,field_worker,org-11
state-2-u204600141@org11,1900-01-01T00:00:00.000Z,,1.0,device-11-204600141,field_worker,org-11
state-2-u204600142@org11,1900-01-01T00:00:00.000Z,,1.0,device-11-204600142,field_worker,org-11
state-2-u204600143@org11,1900-01-01T00:00:00.000Z,,1.0,device-11-204600143,field_worker,org-11
state-2-u204600144@org11,1900-01-01T00:00:00.000Z,,1.0,device-11-204600144,field_worker,org-11
state-2-u204600145@org11,1900-01-01T00:00:00.000Z,,1.0,device-11-204600145,field_worker,org-11
state-2-u204600146@org11,1900-01-01T00:00:00.000Z,,1.0,device-11-204600146,field_worker,org-11
state-2-u204600147@org11,1900-01-01T00:00:00.000Z,,1.0,device-11-204600147,field_worker,org-11
state-2-u204600148@org11,1900-01-01T00:00:00.000Z,,1.0,device-11-204600148,field_worker,org-11
state-2-u204600149@org11,1900-01-01T00:00:00.000Z,,1.0,device-11-204600149,field_worker,org-11
state-2-u204600150@org11,1900-01-01T00:00:00.000Z,,1.0,device-11-204600150,field_worker,org-11
state-2-u204600151@org11,1900-01-01T00:00:00.000Z,,1.0,device-11-204600151,field_worker,org-11
state-2-u204600152@org11,1900-01-01T00:00:00.000Z,,1.0,device-11-204600152,field_worker,org-11
state-2-u204600153@org11,1900-01-01T00:00:00.000Z,,1.0,device-11-204600153,field_worker,org-11
state-2-u204600154@org11,1900-01-01T00:00:00.000Z,,1.0,device-11-204600154,field_worker,org-11
state-2-u204600155@org11,1900-01-01T00:00:00.000Z,,1.0,device-11-204600155,field_worker,org-11
state-2-u204600156@org11,1900-01-01T00:00:00.000Z,,1.0,device-11-204600156,field_worker,org-11
state-2-u204600157@org11,1900-01-01T00:00:00.000Z,,1.0,device-11-204600157,field_worker,org-11
state-2-u204600158@org11,1900-01-01T00:00:00.000Z,,1.0,device-11-204600158,field_worker,org-11
state-2-u204600159@org11,1900-01-01T00:00:00.000Z,,1.0,device-11-204600159,field_worker,org-11
state-2-u204600160@org11,1900-01-01T00:00:00.000Z,,1.0,device-11-204600160,field_worker,org-11
state-2-u204600161@org11,1900-01-01T00:00:00.000Z,,1.0,device-11-204600161,field_worker,org-11
state-2-u204600162@org11,1900-01-01T00:00:00.000Z,,1.0,device-11-204600162,field_worker,org-11
state-2-u204600163@org11,1900-01-01T00:00:00.000Z,,1.0,device-11-204600163,field_worker,org-11
state-2-u204600164@org11,1900-01-01T00:00:00.000Z,,1.0,device-11-204600164,field_worker,org-11
state-2-u204600165@org11,1900-01-01T00:00:00.000Z,,1.0,device-11-204600165,field_worker,org-11
state-2-u204600166@org11,1900-01-01T00:00:00.000Z,,1.0,device-11-204600166,field_worker,org-11
state-2-u204600167@org11,1900-01-01T00:00:00.000Z,,1.0,device-11-204600167,field_worker,org-11
state-2-u204600168@org11,1900-01-01T00:00:00.000Z,,1.0,device-11-204600168,field_worker,org-11
state-2-u204600169@org11,1900-01-01T00:00:00.000Z,,1.0,device-11-204600169,field_worker,org-11
state-2-u204600170@org11,1900-01-01T00:00:00.000Z,,1.0,device-11-204600170,field_worker,org-11
state-2-u204600171@org11,1900-01-01T00:00:00.000Z,,1.0,device-11-204600171,field_worker,org-11
state-2-u204600172@org11,1900-01-01T00:00:00.000Z,,1.0,device-11-204600172,field_worker,org-11
state-2-u204600173@org11,1900-01-01T00:00:00.000Z,,1.0,device-11-204600173,field_worker,org-11
state-2-u204600174@org11,1900-01-01T00:00:00.000Z,,1.0,device-11-204600174,field_worker,org-11
state-2-u204600175@org11,1900-01-01T00:00:00.000Z,,1.0,device-11-204600175,field_worker,org-11
state-2-u204600176@org11,1900-01-01T00:00:00.000Z,,1.0,device-11-204600176,field_worker,org-11
state-2-u204600177@org11,1900-01-01T00:00:00.000Z,,1.0,device-11-204600177,field_worker,org-11
state-2-u204600178@org11,1900-01-01T00:00:00.000Z,,1.0,device-11-204600178,field_worker,org-11
state-2-u204600179@org11,1900-01-01T00:00:00.000Z,,1.0,device-11-204600179,field_worker,org-11
state-2-u204600180@org11,1900-01-01T00:00:00.000Z,,1.0,device-11-204600180,field_worker,org-11
state-2-u204600181@org11,1900-01-01T00:00:00.000Z,,1.0,device-11-204600181,field_worker,org-11
state-2-u204600182@org11,1900-01-01T00:00:00.000Z,,1.0,device-11-204600182,field_worker,org-11
state-2-u204600183@org11,1900-01-01T00:00:00.000Z,,1.0,device-11-204600183,field_worker,org-11
state-2-u204600184@org11,1900-01-01T00:00:00.000Z,,1.0,device-11-204600184,field_worker,org-11
state-2-u204600185@org11,1900-01-01T00:00:00.000Z,,1.0,device-11-204600185,field_worker,org-11
state-2-u204600186@org11,1900-01-01T00:00:00.000Z,,1.0,device-11-204600186,field_worker,org-11
state-2-u204600187@org11,1900-01-01T00:00:00.000Z,,1.0,device-11-204600187,field_worker,org-11
state-2-u204600188@org11,1900-01-01T00:00:00.000Z,,1.0,device-11-204600188,field_worker,org-11
state-2-u204600189@org11,1900-01-01T00:00:00.000Z,,1.0,device-11-204600189,field_worker,org-11
state-2-u204600190@org11,1900-01-01T00:00:00.000Z,,1.0,device-11-204600190,field_worker,org-11
state-2-u204600191@org11,1900-01-01T00:00:00.000Z,,1.0,device-11-204600191,field_worker,org-11
state-2-u204600192@org11,1900-01-01T00:00:00.000Z,,1.0,device-11-204600192,field_worker,org-11
state-2-u204600193@org11,1900-01-01T00:00:00.000Z,,1.0,device-11-204600193,field_worker,org-11
state-2-u204600194@org11,1900-01-01T00:00:00.000Z,,1.0,device-11-204600194,field_worker,org-11
state-2-u204600195@org11,1900-01-01T00:00:00.000Z,,1.0,device-11-204600195,field_worker,org-11
state-2-u204600196@org11,1900-01-01T00:00:00.000Z,,1.0,device-11-204600196,field_worker,org-11
state-2-u204600197@org11,1900-01-01T00:00:00.000Z,,1.0,device-11-204600197,field_worker,org-11
state-2-u204600198@org11,1900-01-01T00:00:00.000Z,,1.0,device-11-204600198,field_worker,org-11
state-2-u204600199@org11,1900-01-01T00:00:00.000Z,,1.0,device-11-204600199,field_worker,org-11
state-2-u204600200@org11,1900-01-01T00:00:00.000Z,,1.0,device-11-204600200,field_worker,org-11
state-2-u204600201@org11,1900-01-01T00:00:00.000Z,,1.0,device-11-204600201,field_worker,org-11
state-2-u204600202@org11,1900-01-01T00:00:00.000Z,,1.0,device-11-204600202,field_worker,org-11
state-2-u204600203@org11,1900-01-01T00:00:00.000Z,,1.0,device-11-204600203,field_worker,org-11
state-2-u204600204@org11,1900-01-01T00:00:00.000Z,,1.0,device-11-204600204,field_worker,org-11
state-2-u204600205@org11,1900-01-01T00:00:00.000Z,,1.0,device-11-204600205,field_worker,org-11
state-2-u204600206@org11,1900-01-01T00:00:00.000Z,,1.0,device-11-204600206,field_worker,org-11
state-2-u204600207@org11,1900-01-01T00:00:00.000Z,,1.0,device-11-204600207,field_worker,org-11
state-2-u204600208@org11,1900-01-01T00:00:00.000Z,,1.0,device-11-204600208,field_worker,org-11
state-2-u204600209@org11,1900-01-01T00:00:00.000Z,,1.0,device-11-204600209,field_worker,org-11
state-2-u204600210@org11,1900-01-01T00:00:00.000Z,,1.0,device-11-204600210,field_worker,org-11
state-2-u204600211@org11,1900-01-01T00:00:00.000Z,,1.0,device-11-204600211,field_worker,org-11
state-2-u204600212@org11,1900-01-01T00:00:00.000Z,,1.0,device-11-204600212,field_worker,org-11
state-2-u204600213@org11,1900-01-01T00:00:00.000Z,,1.0,device-11-204600213,field_worker,org-11
state-2-u204600214@org11,1900-01-01T00:00:00.000Z,,1.0,device-11-204600214,field_worker,org-11
state-2-u204600215@org11,1900-01-01T00:00:00.000Z,,1.0,device-11-204600215,field_worker,org-11
state-2-u204600216@org11,1900-01-01T00:00:00.000Z,,1.0,device-11-204600216,field_worker,org-11
state-2-u204600217@org11,1900-01-01T00:00:00.000Z,,1.0,device-11-204600217,field_worker,org-11
state-2-u204600218@org11,1900-01-01T00:00:00.000Z,,1.0,device-11-204600218,field_worker,org-11
state-2-u204600219@org11,1900-01-01T00:00:00.000Z,,1.0,device-11-204600219,field_worker,org-11
state-2-u204600220@org11,1900-01-01T00:00:00.000Z,,1.0,device-11-204600220,field_worker,org-11
state-2-u204600221@org11,1900-01-01T00:00:00.000Z,,1.0,device-11-204600221,field_worker,org-11
state-2-u204600222@org11,1900-01-01T00:00:00.000Z,,1.0,device-11-204600222,field_worker,org-11
state-2-u204600223@org11,1900-01-01T00:00:00.000Z,,1.0,device-11-204600223,field_worker,org-11
state-2-u204600224@org11,1900-01-01T00:00:00.000Z,,1.0,device-11-204600224,field_worker,org-11
state-2-u204600225@org11,1900-01-01T00:00:00.000Z,,1.0,device-11-204600225,field_worker,org-11
state-2-u204600226@org11,1900-01-01T00:00:00.000Z,,1.0,device-11-204600226,field_worker,org-11
state-2-u204600227@org11,1900-01-01T00:00:00.000Z,,1.0,device-11-204600227,field_worker,org-11
state-2-u204600228@org11,1900-01-01T00:00:00.000Z,,1.0,device-11-204600228,field_worker,org-11
state-2-u204600229@org11,1900-01-01T00:00:00.000Z,,1.0,device-11-204600229,field_worker,org-11
state-2-u204600230@org11,1900-01-01T00:00:00.000Z,,1.0,device-11-204600230,field_worker,org-11
state-2-u204600231@org11,1900-01-01T00:00:00.000Z,,1.0,device-11-204600231,field_worker,org-11
state-2-u204600232@org11,1900-01-01T00:00:00.000Z,,1.0,device-11-204600232,field_worker,org-11
state-2-u204600233@org11,1900-01-01T00:00:00.000Z,,1.0,device-11-204600233,field_worker,org-11
state-2-u204600234@org11,1900-01-01T00:00:00.000Z,,1.0,device-11-204600234,field_worker,org-11
state-2-u204600235@org11,1900-01-01T00:00:00.000Z,,1.0,device-11-204600235,field_worker,org-11
state-2-u204600236@org11,1900-01-01T00:00:00.000Z,,1.0,device-11-204600236,field_worker,org-11
state-2-u204600237@org11,1900-01-01T00:00:00.000Z,,1.0,device-11-204600237,field_worker,org-11
state-2-u204600238@org11,1900-01-01T00:00:00.000Z,,1.0,device-11-204600238,field_worker,org-11
state-2-u204600239@org11,1900-01-01T00:00:00.000Z,,1.0,device-11-204600239,field_worker,org-11
state-2-u204600240@org11,1900-01-01T00:00:00.000Z,,1.0,device-11-204600240,field_worker,org-11
state-2-u204600241@org11,1900-01-01T00:00:00.000Z,,1.0,device-11-204600241,field_worker,org-11
state-2-u204600242@org11,1900-01-01T00:00:00.000Z,,1.0,device-11-204600242,field_worker,org-11
state-2-u204600243@org11,1900-01-01T00:00:00.000Z,,1.0,device-11-204600243,field_worker,org-11
state-2-u204600244@org11,1900-01-01T00:00:00.000Z,,1.0,device-11-204600244,field_worker,org-11
state-2-u204600245@org11,1900-01-01T00:00:00.000Z,,1.0,device-11-204600245,field_worker,org-11
state-2-u204600246@org11,1900-01-01T00:00:00.000Z,,1.0,device-11-204600246,field_worker,org-11
state-2-u204600247@org11,1900-01-01T00:00:00.000Z,,1.0,device-11-204600247,field_worker,org-11
state-2-u204600248@org11,1900-01-01T00:00:00.000Z,,1.0,device-11-204600248,field_worker,org-11
state-2-u204600249@org11,1900-01-01T00:00:00.000Z,,1.0,device-11-204600249,field_worker,org-11
state-2-u204600250@org11,1900-01-01T00:00:00.000Z,,1.0,device-11-204600250,field_worker,org-11
state-2-u204600251@org11,1900-01-01T00:00:00.000Z,,1.0,device-11-204600251,field_worker,org-11
state-2-u204600252@org11,1900-01-01T00:00:00.000Z,,1.0,device-11-204600252,field_worker,org-11
state-2-u204600253@org11,1900-01-01T00:00:00.000Z,,1.0,device-11-204600253,field_worker,org-11
state-2-u204600254@org11,1900-01-01T00:00:00.000Z,,1.0,device-11-204600254,field_worker,org-11
state-2-u204600255@org11,1900-01-01T00:00:00.000Z,,1.0,device-11-204600255,field_worker,org-11
state-2-u204600256@org11,1900-01-01T00:00:00.000Z,,1.0,device-11-204600256,field_worker,org-11
state-2-u204600257@org11,1900-01-01T00:00:00.000Z,,1.0,device-11-204600257,field_worker,org-11
state-2-u204600258@org11,1900-01-01T00:00:00.000Z,,1.0,device-11-204600258,field_worker,org-11
state-2-u204600259@org11,1900-01-01T00:00:00.000Z,,1.0,device-11-204600259,field_worker,org-11
state-2-u204600260@org11,1900-01-01T00:00:00.000Z,,1.0,device-11-204600260,field_worker,org-11
state-2-u204600261@org11,1900-01-01T00:00:00.000Z,,1.0,device-11-204600261,field_worker,org-11
state-2-u204600262@org11,1900-01-01T00:00:00.000Z,,1.0,device-11-204600262,field_worker,org-11
state-2-u204600263@org11,1900-01-01T00:00:00.000Z,,1.0,device-11-204600263,field_worker,org-11
state-2-u204600264@org11,1900-01-01T00:00:00.000Z,,1.0,device-11-204600264,field_worker,org-11
state-2-u204600265@org11,1900-01-01T00:00:00.000Z,,1.0,device-11-204600265,field_worker,org-11
state-2-u204600266@org11,1900-01-01T00:00:00.000Z,,1.0,device-11-204600266,field_worker,org-11
state-2-u204600267@org11,1900-01-01T00:00:00.000Z,,1.0,device-11-204600267,field_worker,org-11
state-2-u204600268@org11,1900-01-01T00:00:00.000Z,,1.0,device-11-204600268,field_worker,org-11
state-2-u204600269@org11,1900-01-01T00:00:00.000Z,,1.0,device-11-204600269,field_worker,org-11
state-2-u204600270@org11,1900-01-01T00:00:00.000Z,,1.0,device-11-204600270,field_worker,org-11
state-2-u204600271@org11,1900-01-01T00:00:00.000Z,,1.0,device-11-204600271,field_worker,org-11
state-2-u204600272@org11,1900-01-01T00:00:00.000Z,,1.0,device-11-204600272,field_worker,org-11
state-2-u204600273@org11,1900-01-01T00:00:00.000Z,,1.0,device-11-204600273,field_worker,org-11
state-2-u204600274@org11,1900-01-01T00:00:00.000Z,,1.0,device-11-204600274,field_worker,org-11
state-2-u204600275@org11,1900-01-01T00:00:00.000Z,,1.0,device-11-204600275,field_worker,org-11
state-2-u204600276@org11,1900-01-01T00:00:00.000Z,,1.0,device-11-204600276,field_worker,org-11
state-2-u204600277@org11,1900-01-01T00:00:00.000Z,,1.0,device-11-204600277,field_worker,org-11
state-2-u204600278@org11,1900-01-01T00:00:00.000Z,,1.0,device-11-204600278,field_worker,org-11
state-2-u204600279@org11,1900-01-01T00:00:00.000Z,,1.0,device-11-204600279,field_worker,org-11
state-2-u204600280@org11,1900-01-01T00:00:00.000Z,,1.0,device-11-204600280,field_worker,org-11
state-2-u204600281@org11,1900-01-01T00:00:00.000Z,,1.0,device-11-204600281,field_worker,org-11
state-2-u204600282@org11,1900-01-01T00:00:00.000Z,,1.0,device-11-204600282,field_worker,org-11
state-2-u204600283@org11,1900-01-01T00:00:00.000Z,,1.0,device-11-204600283,field_worker,org-11
state-2-u204600284@org11,1900-01-01T00:00:00.000Z,,1.0,device-11-204600284,field_worker,org-11
state-2-u204600285@org11,1900-01-01T00:00:00.000Z,,1.0,device-11-204600285,field_worker,org-11
state-2-u204600286@org11,1900-01-01T00:00:00.000Z,,1.0,device-11-204600286,field_worker,org-11
state-2-u204600287@org11,1900-01-01T00:00:00.000Z,,1.0,device-11-204600287,field_worker,org-11
state-2-u204600288@org11,1900-01-01T00:00:00.000Z,,1.0,device-11-204600288,field_worker,org-11
state-2-u204600289@org11,1900-01-01T00:00:00.000Z,,1.0,device-11-204600289,field_worker,org-11
state-2-u204600290@org11,1900-01-01T00:00:00.000Z,,1.0,device-11-204600290,field_worker,org-11
state-2-u204600291@org11,1900-01-01T00:00:00.000Z,,1.0,device-11-204600291,field_worker,org-11
state-2-u204600292@org11,1900-01-01T00:00:00.000Z,,1.0,device-11-204600292,field_worker,org-11
state-2-u204600293@org11,1900-01-01T00:00:00.000Z,,1.0,device-11-204600293,field_worker,org-11
state-2-u204600294@org11,1900-01-01T00:00:00.000Z,,1.0,device-11-204600294,field_worker,org-11
state-2-u204600295@org11,1900-01-01T00:00:00.000Z,,1.0,device-11-204600295,field_worker,org-11
state-2-u204600296@org11,1900-01-01T00:00:00.000Z,,1.0,device-11-204600296,field_worker,org-11
state-2-u204600297@org11,1900-01-01T00:00:00.000Z,,1.0,device-11-204600297,field_worker,org-11
state-2-u204600298@org11,1900-01-01T00:00:00.000Z,,1.0,device-11-204600298,field_worker,org-11
state-2-u204600299@org11,1900-01-01T00:00:00.000Z,,1.0,device-11-204600299,field_worker,org-11
state-2-u204600300@org11,1900-01-01T00:00:00.000Z,,1.0,device-11-204600300,field_worker,org-11
state-2-u204600301@org11,1900-01-01T00:00:00.000Z,,1.0,device-11-204600301,field_worker,org-11
state-2-u204600302@org11,1900-01-01T00:00:00.000Z,,1.0,device-11-204600302,field_worker,org-11
state-2-u204600303@org11,1900-01-01T00:00:00.000Z,,1.0,device-11-204600303,field_worker,org-11
state-2-u204600304@org11,1900-01-01T00:00:00.000Z,,1.0,device-11-204600304,field_worker,org-11
state-2-u204600305@org11,1900-01-01T00:00:00.000Z,,1.0,device-11-204600305,field_worker,org-11
state-2-u204600306@org11,1900-01-01T00:00:00.000Z,,1.0,device-11-204600306,field_worker,org-11
state-2-u204600307@org11,1900-01-01T00:00:00.000Z,,1.0,device-11-204600307,field_worker,org-11
state-2-u204600308@org11,1900-01-01T00:00:00.000Z,,1.0,device-11-204600308,field_worker,org-11
state-2-u204600309@org11,1900-01-01T00:00:00.000Z,,1.0,device-11-204600309,field_worker,org-11
state-2-u204600310@org11,1900-01-01T00:00:00.000Z,,1.0,device-11-204600310,field_worker,org-11
state-2-u204600311@org11,1900-01-01T00:00:00.000Z,,1.0,device-11-204600311,field_worker,org-11
state-2-u204600312@org11,1900-01-01T00:00:00.000Z,,1.0,device-11-204600312,field_worker,org-11
state-2-u204600313@org11,1900-01-01T00:00:00.000Z,,1.0,device-11-204600313,field_worker,org-11
state-2-u204600314@org11,1900-01-01T00:00:00.000Z,,1.0,device-11-204600314,field_worker,org-11
state-2-u204600315@org11,1900-01-01T00:00:00.000Z,,1.0,device-11-204600315,field_worker,org-11
state-2-u204600316@org11,1900-01-01T00:00:00.000Z,,1.0,device-11-204600316,field_worker,org-11
state-2-u204600317@org11,1900-01-01T00:00:00.000Z,,1.0,device-11-204600317,field_worker,org-11
state-2-u204600318@org11,1900-01-01T00:00:00.000Z,,1.0,device-11-204600318,field_worker,org-11
state-2-u204600319@org11,1900-01-01T00:00:00.000Z,,1.0,device-11-204600319,field_worker,org-11
state-2-u204600320@org11,1900-01-01T00:00:00.000Z,,1.0,device-11-204600320,field_worker,org-11
state-2-u204600321@org11,1900-01-01T00:00:00.000Z,,1.0,device-11-204600321,field_worker,org-11
state-2-u204600322@org11,1900-01-01T00:00:00.000Z,,1.0,device-11-204600322,field_worker,org-11
state-2-u204600323@org11,1900-01-01T00:00:00.000Z,,1.0,device-11-204600323,field_worker,org-11
state-2-u204600324@org11,1900-01-01T00:00:00.000Z,,1.0,device-11-204600324,field_worker,org-11
state-2-u204600325@org11,1900-01-01T00:00:00.000Z,,1.0,device-11-204600325,field_worker,org-11
state-2-u204600326@org11,1900-01-01T00:00:00.000Z,,1.0,device-11-204600326,field_worker,org-11
state-2-u204600327@org11,1900-01-01T00:00:00.000Z,,1.0,device-11-204600327,field_worker,org-11
state-2-u204600328@org11,1900-01-01T00:00:00.000Z,,1.0,device-11-204600328,field_worker,org-11
state-2-u204600329@org11,1900-01-01T00:00:00.000Z,,1.0,device-11-204600329,field_worker,org-11
state-2-u204600330@org11,1900-01-01T00:00:00.000Z,,1.0,device-11-204600330,field_worker,org-11
state-2-u204600331@org11,1900-01-01T00:00:00.000Z,,1.0,device-11-204600331,field_worker,org-11
state-2-u204600332@org11,1900-01-01T00:00:00.000Z,,1.0,device-11-204600332,field_worker,org-11
state-2-u204600333@org11,1900-01-01T00:00:00.000Z,,1.0,device-11-204600333,field_worker,org-11
state-2-u204600334@org11,1900-01-01T00:00:00.000Z,,1.0,device-11-204600334,field_worker,org-11
state-2-u204600335@org11,1900-01-01T00:00:00.000Z,,1.0,device-11-204600335,field_worker,org-11
state-2-u204600336@org11,1900-01-01T00:00:00.000Z,,1.0,device-11-204600336,field_worker,org-11
state-2-u204600337@org11,1900-01-01T00:00:00.000Z,,1.0,device-11-204600337,field_worker,org-11
state-2-u204600338@org11,1900-01-01T00:00:00.000Z,,1.0,device-11-204600338,field_worker,org-11
state-2-u204600339@org11,1900-01-01T00:00:00.000Z,,1.0,device-11-204600339,field_worker,org-11
state-2-u204600340@org11,1900-01-01T00:00:00.000Z,,1.0,device-11-204600340,field_worker,org-11
state-2-u204600341@org11,1900-01-01T00:00:00.000Z,,1.0,device-11-204600341,field_worker,org-11
state-2-u204600342@org11,1900-01-01T00:00:00.000Z,,1.0,device-11-204600342,field_worker,org-11
state-2-u204600343@org11,1900-01-01T00:00:00.000Z,,1.0,device-11-204600343,field_worker,org-11
state-2-u204600344@org11,1900-01-01T00:00:00.000Z,,1.0,device-11-204600344,field_worker,org-11
state-2-u204600345@org11,1900-01-01T00:00:00.000Z,,1.0,device-11-204600345,field_worker,org-11
state-2-u204600346@org11,1900-01-01T00:00:00.000Z,,1.0,device-11-204600346,field_worker,org-11
state-2-u204600347@org11,1900-01-01T00:00:00.000Z,,1.0,device-11-204600347,field_worker,org-11
state-2-u204600348@org11,1900-01-01T00:00:00.000Z,,1.0,device-11-204600348,field_worker,org-11
state-2-u204600349@org11,1900-01-01T00:00:00.000Z,,1.0,device-11-204600349,field_worker,org-11
state-2-u204600350@org11,1900-01-01T00:00:00.000Z,,1.0,device-11-204600350,field_worker,org-11
state-2-u204600351@org11,1900-01-01T00:00:00.000Z,,1.0,device-11-204600351,field_worker,org-11
state-2-u204600352@org11,1900-01-01T00:00:00.000Z,,1.0,device-11-204600352,field_worker,org-11
state-2-u204600353@org11,1900-01-01T00:00:00.000Z,,1.0,device-11-204600353,field_worker,org-11
state-2-u204600354@org11,1900-01-01T00:00:00.000Z,,1.0,device-11-204600354,field_worker,org-11
state-2-u204600355@org11,1900-01-01T00:00:00.000Z,,1.0,device-11-204600355,field_worker,org-11
state-2-u204600356@org11,1900-01-01T00:00:00.000Z,,1.0,device-11-204600356,field_worker,org-11
state-2-u204600357@org11,1900-01-01T00:00:00.000Z,,1.0,device-11-204600357,field_worker,org-11
state-2-u204600358@org11,1900-01-01T00:00:00.000Z,,1.0,device-11-204600358,field_worker,org-11
state-2-u204600359@org11,1900-01-01T00:00:00.000Z,,1.0,device-11-204600359,field_worker,org-11
state-2-u204600360@org11,1900-01-01T00:00:00.000Z,,1.0,device-11-204600360,field_worker,org-11
state-2-u204600361@org11,1900-01-01T00:00:00.000Z,,1.0,device-11-204600361,field_worker,org-11
state-2-u204600362@org11,1900-01-01T00:00:00.000Z,,1.0,device-11-204600362,field_worker,org-11
state-2-u204600363@org11,1900-01-01T00:00:00.000Z,,1.0,device-11-204600363,field_worker,org-11
state-2-u204600364@org11,1900-01-01T00:00:00.000Z,,1.0,device-11-204600364,field_worker,org-11
state-2-u204600365@org11,1900-01-01T00:00:00.000Z,,1.0,device-11-204600365,field_worker,org-11
state-2-u204600366@org11,1900-01-01T00:00:00.000Z,,1.0,device-11-204600366,field_worker,org-11
state-2-u204600367@org11,1900-01-01T00:00:00.000Z,,1.0,device-11-204600367,field_worker,org-11
state-2-u204600368@org11,1900-01-01T00:00:00.000Z,,1.0,device-11-204600368,field_worker,org-11
state-2-u204600369@org11,1900-01-01T00:00:00.000Z,,1.0,device-11-204600369,field_worker,org-11
state-2-u204600370@org11,1900-01-01T00:00:00.000Z,,1.0,device-11-204600370,field_worker,org-11
state-2-u204600371@org11,1900-01-01T00:00:00.000Z,,1.0,device-11-204600371,field_worker,org-11
state-2-u204600372@org11,1900-01-01T00:00:00.000Z,,1.0,device-11-204600372,field_worker,org-11
state-2-u204600373@org11,1900-01-01T00:00:00.000Z,,1.0,device-11-204600373,field_worker,org-11
state-2-u204600374@org11,1900-01-01T00:00:00.000Z,,1.0,device-11-204600374,field_worker,org-11
state-2-u204600375@org11,1900-01-01T00:00:00.000Z,,1.0,device-11-204600375,field_worker,org-11
state-2-u204600376@org11,1900-01-01T00:00:00.000Z,,1.0,device-11-204600376,field_worker,org-11
state-2-u204600377@org11,1900-01-01T00:00:00.000Z,,1.0,device-11-204600377,field_worker,org-11
state-2-u204600378@org11,1900-01-01T00:00:00.000Z,,1.0,device-11-204600378,field_worker,org-11
state-2-u204600379@org11,1900-01-01T00:00:00.000Z,,1.0,device-11-204600379,field_worker,org-11
state-2-u204600380@org11,1900-01-01T00:00:00.000Z,,1.0,device-11-204600380,field_worker,org-11
state-2-u204600381@org11,1900-01-01T00:00:00.000Z,,1.0,device-11-204600381,field_worker,org-11
state-2-u204600382@org11,1900-01-01T00:00:00.000Z,,1.0,device-11-204600382,field_worker,org-11
state-2-u204600383@org11,1900-01-01T00:00:00.000Z,,1.0,device-11-204600383,field_worker,org-11
state-2-u204600384@org11,1900-01-01T00:00:00.000Z,,1.0,device-11-204600384,field_worker,org-11
state-2-u204600385@org11,1900-01-01T00:00:00.000Z,,1.0,device-11-204600385,field_worker,org-11
state-2-u204600386@org11,1900-01-01T00:00:00.000Z,,1.0,device-11-204600386,field_worker,org-11
state-2-u204600387@org11,1900-01-01T00:00:00.000Z,,1.0,device-11-204600387,field_worker,org-11
state-2-u204600388@org11,1900-01-01T00:00:00.000Z,,1.0,device-11-204600388,field_worker,org-11
state-2-u204600389@org11,1900-01-01T00:00:00.000Z,,1.0,device-11-204600389,field_worker,org-11
state-2-u204600390@org11,1900-01-01T00:00:00.000Z,,1.0,device-11-204600390,field_worker,org-11
state-2-u204600391@org11,1900-01-01T00:00:00.000Z,,1.0,device-11-204600391,field_worker,org-11
state-2-u204600392@org11,1900-01-01T00:00:00.000Z,,1.0,device-11-204600392,field_worker,org-11
state-2-u204600393@org11,1900-01-01T00:00:00.000Z,,1.0,device-11-204600393,field_worker,org-11
state-2-u204600394@org11,1900-01-01T00:00:00.000Z,,1.0,device-11-204600394,field_worker,org-11
state-2-u204600395@org11,1900-01-01T00:00:00.000Z,,1.0,device-11-204600395,field_worker,org-11
state-2-u204600396@org11,1900-01-01T00:00:00.000Z,,1.0,device-11-204600396,field_worker,org-11
state-2-u204600397@org11,1900-01-01T00:00:00.000Z,,1.0,device-11-204600397,field_worker,org-11
state-2-u204600398@org11,1900-01-01T00:00:00.000Z,,1.0,device-11-204600398,field_worker,org-11
state-2-u204600399@org11,1900-01-01T00:00:00.000Z,,1.0,device-11-204600399,field_worker,org-11
state-2-u204600400@org11,1900-01-01T00:00:00.000Z,,1.0,device-11-204600400,field_worker,org-11
state-2-u204600401@org11,1900-01-01T00:00:00.000Z,,1.0,device-11-204600401,field_worker,org-11
state-2-u204600402@org11,1900-01-01T00:00:00.000Z,,1.0,device-11-204600402,field_worker,org-11
state-2-u204600403@org11,1900-01-01T00:00:00.000Z,,1.0,device-11-204600403,field_worker,org-11
state-2-u204600404@org11,1900-01-01T00:00:00.000Z,,1.0,device-11-204600404,field_worker,org-11
state-2-u204600405@org11,1900-01-01T00:00:00.000Z,,1.0,device-11-204600405,field_worker,org-11
state-2-u204600406@org11,1900-01-01T00:00:00.000Z,,1.0,device-11-204600406,field_worker,org-11
state-2-u204600407@org11,1900-01-01T00:00:00.000Z,,1.0,device-11-204600407,field_worker,org-11
state-2-u204600408@org11,1900-01-01T00:00:00.000Z,,1.0,device-11-204600408,field_worker,org-11
state-2-u204600409@org11,1900-01-01T00:00:00.000Z,,1.0,device-11-204600409,field_worker,org-11
state-2-u204600410@org11,1900-01-01T00:00:00.000Z,,1.0,device-11-204600410,field_worker,org-11
state-2-u204600411@org11,1900-01-01T00:00:00.000Z,,1.0,device-11-204600411,field_worker,org-11
state-2-u204600412@org11,1900-01-01T00:00:00.000Z,,1.0,device-11-204600412,field_worker,org-11
state-2-u204600413@org11,1900-01-01T00:00:00.000Z,,1.0,device-11-204600413,field_worker,org-11
state-2-u204600414@org11,1900-01-01T00:00:00.000Z,,1.0,device-11-204600414,field_worker,org-11
state-2-u204600415@org11,1900-01-01T00:00:00.000Z,,1.0,device-11-204600415,field_worker,org-11
state-2-u204600416@org11,1900-01-01T00:00:00.000Z,,1.0,device-11-204600416,field_worker,org-11
state-2-u204600417@org11,1900-01-01T00:00:00.000Z,,1.0,device-11-204600417,field_worker,org-11
state-2-u204600418@org11,1900-01-01T00:00:00.000Z,,1.0,device-11-204600418,field_worker,org-11
state-2-u204600419@org11,1900-01-01T00:00:00.000Z,,1.0,device-11-204600419,field_worker,org-11
state-2-u204600420@org11,1900-01-01T00:00:00.000Z,,1.0,device-11-204600420,field_worker,org-11
state-2-u204600421@org11,1900-01-01T00:00:00.000Z,,1.0,device-11-204600421,field_worker,org-11
state-2-u204600422@org11,1900-01-01T00:00:00.000Z,,1.0,device-11-204600422,field_worker,org-11
state-2-u204600423@org11,1900-01-01T00:00:00.000Z,,1.0,device-11-204600423,field_worker,org-11
state-2-u204600424@org11,1900-01-01T00:00:00.000Z,,1.0,device-11-204600424,field_worker,org-11
state-2-u204600425@org11,1900-01-01T00:00:00.000Z,,1.0,device-11-204600425,field_worker,org-11
state-2-u204600426@org11,1900-01-01T00:00:00.000Z,,1.0,device-11-204600426,field_worker,org-11
state-2-u204600427@org11,1900-01-01T00:00:00.000Z,,1.0,device-11-204600427,field_worker,org-11
state-2-u204600428@org11,1900-01-01T00:00:00.000Z,,1.0,device-11-204600428,field_worker,org-11
state-2-u204600429@org11,1900-01-01T00:00:00.000Z,,1.0,device-11-204600429,field_worker,org-11
state-2-u204600430@org11,1900-01-01T00:00:00.000Z,,1.0,device-11-204600430,field_worker,org-11
state-2-u204600431@org11,1900-01-01T00:00:00.000Z,,1.0,device-11-204600431,field_worker,org-11
state-2-u204600432@org11,1900-01-01T00:00:00.000Z,,1.0,device-11-204600432,field_worker,org-11
state-2-u204600433@org11,1900-01-01T00:00:00.000Z,,1.0,device-11-204600433,field_worker,org-11
state-2-u204600434@org11,1900-01-01T00:00:00.000Z,,1.0,device-11-204600434,field_worker,org-11
state-2-u204600435@org11,1900-01-01T00:00:00.000Z,,1.0,device-11-204600435,field_worker,org-11
state-2-u204600436@org11,1900-01-01T00:00:00.000Z,,1.0,device-11-204600436,field_worker,org-11
state-2-u204600437@org11,1900-01-01T00:00:00.000Z,,1.0,device-11-204600437,field_worker,org-11
state-2-u204600438@org11,1900-01-01T00:00:00.000Z,,1.0,device-11-204600438,field_worker,org-11
state-2-u204600439@org11,1900-01-01T00:00:00.000Z,,1.0,device-11-204600439,field_worker,org-11
state-2-u204600440@org11,1900-01-01T00:00:00.000Z,,1.0,device-11-204600440,field_worker,org-11
state-2-u204600441@org11,1900-01-01T00:00:00.000Z,,1.0,device-11-204600441,field_worker,org-11
state-2-u204600442@org11,1900-01-01T00:00:00.000Z,,1.0,device-11-204600442,field_worker,org-11
state-2-u204600443@org11,1900-01-01T00:00:00.000Z,,1.0,device-11-204600443,field_worker,org-11
state-2-u204600444@org11,1900-01-01T00:00:00.000Z,,1.0,device-11-204600444,field_worker,org-11
state-2-u204600445@org11,1900-01-01T00:00:00.000Z,,1.0,device-11-204600445,field_worker,org-11
state-2-u204600446@org11,1900-01-01T00:00:00.000Z,,1.0,device-11-204600446,field_worker,org-11
state-2-u204600447@org11,1900-01-01T00:00:00.000Z,,1.0,device-11-204600447,field_worker,org-11
state-2-u204600448@org11,1900-01-01T00:00:00.000Z,,1.0,device-11-204600448,field_worker,org-11
state-2-u204600449@org11,1900-01-01T00:00:00.000Z,,1.0,device-11-204600449,field_worker,org-11
state-2-u204600450@org11,1900-01-01T00:00:00.000Z,,1.0,device-11-204600450,field_worker,org-11
state-2-u204600451@org11,1900-01-01T00:00:00.000Z,,1.0,device-11-204600451,field_worker,org-11
state-2-u204600452@org11,1900-01-01T00:00:00.000Z,,1.0,device-11-204600452,field_worker,org-11
state-2-u204600453@org11,1900-01-01T00:00:00.000Z,,1.0,device-11-204600453,field_worker,org-11
state-2-u204600454@org11,1900-01-01T00:00:00.000Z,,1.0,device-11-204600454,field_worker,org-11
state-2-u204600455@org11,1900-01-01T00:00:00.000Z,,1.0,device-11-204600455,field_worker,org-11
state-2-u204600456@org11,1900-01-01T00:00:00.000Z,,1.0,device-11-204600456,field_worker,org-11
state-2-u204600457@org11,1900-01-01T00:00:00.000Z,,1.0,device-11-204600457,field_worker,org-11
state-2-u204600458@org11,1900-01-01T00:00:00.000Z,,1.0,device-11-204600458,field_worker,org-11
state-2-u204600459@org11,1900-01-01T00:00:00.000Z,,1.0,device-11-204600459,field_worker,org-11
state-2-u204600460@org11,1900-01-01T00:00:00.000Z,,1.0,device-11-204600460,field_worker,org-11
state-2-u204600461@org11,1900-01-01T00:00:00.000Z,,1.0,device-11-204600461,field_worker,org-11
state-2-u204600462@org11,1900-01-01T00:00:00.000Z,,1.0,device-11-204600462,field_worker,org-11
state-2-u204600463@org11,1900-01-01T00:00:00.000Z,,1.0,device-11-204600463,field_worker,org-11
state-2-u204600464@org11,1900-01-01T00:00:00.000Z,,1.0,device-11-204600464,field_worker,org-11
state-2-u204600465@org11,1900-01-01T00:00:00.000Z,,1.0,device-11-204600465,field_worker,org-11
state-2-u204600466@org11,1900-01-01T00:00:00.000Z,,1.0,device-11-204600466,field_worker,org-11
state-2-u204600467@org11,1900-01-01T00:00:00.000Z,,1.0,device-11-204600467,field_worker,org-11
state-2-u204600468@org11,1900-01-01T00:00:00.000Z,,1.0,device-11-204600468,field_worker,org-11
state-2-u204600469@org11,1900-01-01T00:00:00.000Z,,1.0,device-11-204600469,field_worker,org-11
state-2-u204600470@org11,1900-01-01T00:00:00.000Z,,1.0,device-11-204600470,field_worker,org-11
state-2-u204600471@org11,1900-01-01T00:00:00.000Z,,1.0,device-11-204600471,field_worker,org-11
state-2-u204600472@org11,1900-01-01T00:00:00.000Z,,1.0,device-11-204600472,field_worker,org-11
state-2-u204600473@org11,1900-01-01T00:00:00.000Z,,1.0,device-11-204600473,field_worker,org-11
state-2-u204600474@org11,1900-01-01T00:00:00.000Z,,1.0,device-11-204600474,field_worker,org-11
state-2-u204600475@org11,1900-01-01T00:00:00.000Z,,1.0,device-11-204600475,field_worker,org-11
state-2-u204600476@org11,1900-01-01T00:00:00.000Z,,1.0,device-11-204600476,field_worker,org-11
state-2-u204600477@org11,1900-01-01T00:00:00.000Z,,1.0,device-11-204600477,field_worker,org-11
state-2-u204600478@org11,1900-01-01T00:00:00.000Z,,1.0,device-11-204600478,field_worker,org-11
state-2-u204600479@org11,1900-01-01T00:00:00.000Z,,1.0,device-11-204600479,field_worker,org-11
state-2-u204600480@org11,1900-01-01T00:00:00.000Z,,1.0,device-11-204600480,field_worker,org-11
state-2-u204600481@org11,1900-01-01T00:00:00.000Z,,1.0,device-11-204600481,field_worker,org-11
state-2-u204600482@org11,1900-01-01T00:00:00.000Z,,1.0,device-11-204600482,field_worker,org-11
state-2-u204600483@org11,1900-01-01T00:00:00.000Z,,1.0,device-11-204600483,field_worker,org-11
state-2-u204600484@org11,1900-01-01T00:00:00.000Z,,1.0,device-11-204600484,field_worker,org-11
state-2-u204600485@org11,1900-01-01T00:00:00.000Z,,1.0,device-11-204600485,field_worker,org-11
state-2-u204600486@org11,1900-01-01T00:00:00.000Z,,1.0,device-11-204600486,field_worker,org-11
state-2-u204600487@org11,1900-01-01T00:00:00.000Z,,1.0,device-11-204600487,field_worker,org-11
state-2-u204600488@org11,1900-01-01T00:00:00.000Z,,1.0,device-11-204600488,field_worker,org-11
state-2-u204600489@org11,1900-01-01T00:00:00.000Z,,1.0,device-11-204600489,field_worker,org-11
state-2-u204600490@org11,1900-01-01T00:00:00.000Z,,1.0,device-11-204600490,field_worker,org-11
state-2-u204600491@org11,1900-01-01T00:00:00.000Z,,1.0,device-11-204600491,field_worker,org-11
state-2-u204600492@org11,1900-01-01T00:00:00.000Z,,1.0,device-11-204600492,field_worker,org-11
state-2-u204600493@org11,1900-01-01T00:00:00.000Z,,1.0,device-11-204600493,field_worker,org-11
state-2-u204600494@org11,1900-01-01T00:00:00.000Z,,1.0,device-11-204600494,field_worker,org-11
state-2-u204600495@org11,1900-01-01T00:00:00.000Z,,1.0,device-11-204600495,field_worker,org-11
state-2-u204600496@org11,1900-01-01T00:00:00.000Z,,1.0,device-11-204600496,field_worker,org-11
state-2-u204600497@org11,1900-01-01T00:00:00.000Z,,1.0,device-11-204600497,field_worker,org-11
state-2-u204600498@org11,1900-01-01T00:00:00.000Z,,1.0,device-11-204600498,field_worker,org-11
state-2-u204600499@org11,1900-01-01T00:00:00.000Z,,1.0,device-11-204600499,field_worker,org-11
state-2-u204600500@org11,1900-01-01T00:00:00.000Z,,1.0,device-11-204600500,field_worker,org-11
state-2-u204600501@org11,1900-01-01T00:00:00.000Z,,1.0,device-11-204600501,field_worker,org-11
state-2-u204600502@org11,1900-01-01T00:00:00.000Z,,1.0,device-11-204600502,supervisor,org-11
state-2-u204600503@org11,1900-01-01T00:00:00.000Z,,1.0,device-11-204600503,supervisor,org-11
state-2-u204600504@org11,1900-01-01T00:00:00.000Z,,1.0,device-11-204600504,supervisor,org-11
state-2-u204600505@org11,1900-01-01T00:00:00.000Z,,1.0,device-11-204600505,supervisor,org-11
state-2-u204600506@org11,1900-01-01T00:00:00.000Z,,1.0,device-11-204600506,supervisor,org-11
state-2-u204600507@org11,1900-01-01T00:00:00.000Z,,1.0,device-11-204600507,supervisor,org-11
state-2-u204600508@org11,1900-01-01T00:00:00.000Z,,1.0,device-11-204600508,supervisor,org-11
state-2-u204600509@org11,1900-01-01T00:00:00.000Z,,1.0,device-11-204600509,supervisor,org-11
state-2-u204600510@org11,1900-01-01T00:00:00.000Z,,1.0,device-11-204600510,supervisor,org-11
state-2-u204600511@org11,1900-01-01T00:00:00.000Z,,1.0,device-11-204600511,supervisor,org-11
state-2-u204600512@org11,1900-01-01T00:00:00.000Z,,1.0,device-11-204600512,supervisor,org-11
state-2-u204600513@org11,1900-01-01T00:00:00.000Z,,1.0,device-11-204600513,supervisor,org-11
state-2-u204600514@org11,1900-01-01T00:00:00.000Z,,1.0,device-11-204600514,supervisor,org-11
state-2-u204600515@org11,1900-01-01T00:00:00.000Z,,1.0,device-11-204600515,supervisor,org-11
state-2-u204600516@org11,1900-01-01T00:00:00.000Z,,1.0,device-11-204600516,supervisor,org-11
state-2-u204600517@org11,1900-01-01T00:00:00.000Z,,1.0,device-11-204600517,supervisor,org-11
state-2-u204600518@org11,1900-01-01T00:00:00.000Z,,1.0,device-11-204600518,supervisor,org-11
state-2-u204600519@org11,1900-01-01T00:00:00.000Z,,1.0,device-11-204600519,supervisor,org-11
state-2-u204600520@org11,1900-01-01T00:00:00.000Z,,1.0,device-11-204600520,supervisor,org-11
state-2-u204600521@org11,1900-01-01T00:00:00.000Z,,1.0,device-11-204600521,supervisor,org-11
state-2-u204600522@org11,1900-01-01T00:00:00.000Z,,1.0,device-11-204600522,supervisor,org-11
state-2-u204600523@org11,1900-01-01T00:00:00.000Z,,1.0,device-11-204600523,supervisor,org-11
state-2-u204600524@org11,1900-01-01T00:00:00.000Z,,1.0,device-11-204600524,supervisor,org-11
state-2-u204600525@org11,1900-01-01T00:00:00.000Z,,1.0,device-11-204600525,supervisor,org-11
state-2-u204600526@org11,1900-01-01T00:00:00.000Z,,1.0,device-11-204600526,supervisor,org-11
state-2-u204600527@org11,1900-01-01T00:00:00.000Z,,1.0,device-11-204600527,supervisor,org-11
state-2-u204600528@org11,1900-01-01T00:00:00.000Z,,1.0,device-11-204600528,supervisor,org-11
state-2-u204600529@org11,1900-01-01T00:00:00.000Z,,1.0,device-11-204600529,supervisor,org-11
state-2-u204600530@org11,1900-01-01T00:00:00.000Z,,1.0,device-11-204600530,supervisor,org-11
state-2-u204600531@org11,1900-01-01T00:00:00.000Z,,1.0,device-11-204600531,supervisor,org-11
state-2-u204600532@org11,1900-01-01T00:00:00.000Z,,1.0,device-11-204600532,supervisor,org-11
state-2-u204600533@org11,1900-01-01T00:00:00.000Z,,1.0,device-11-204600533,supervisor,org-11
state-2-u204600534@org11,1900-01-01T00:00:00.000Z,,1.0,device-11-204600534,supervisor,org-11
state-2-u204600535@org11,1900-01-01T00:00:00.000Z,,1.0,device-11-204600535,supervisor,org-11
state-2-u204600536@org11,1900-01-01T00:00:00.000Z,,1.0,device-11-204600536,supervisor,org-11
state-2-u204600537@org11,1900-01-01T00:00:00.000Z,,1.0,device-11-204600537,supervisor,org-11
state-2-u204600538@org11,1900-01-01T00:00:00.000Z,,1.0,device-11-204600538,supervisor,org-11
state-2-u204600539@org11,1900-01-01T00:00:00.000Z,,1.0,device-11-204600539,supervisor,org-11
state-2-u204600540@org11,1900-01-01T00:00:00.000Z,,1.0,device-11-204600540,supervisor,org-11
state-2-u204600541@org11,1900-01-01T00:00:00.000Z,,1.0,device-11-204600541,supervisor,org-11
